player,position,team_name,player_game_count,grades_defense,snap_counts_defense,snap_counts_dl,,Avg Grade
Eric Weddle,S,LA,4,75,192,3,,
DeSean Jackson,WR,LV,1,60,1,0,,
Corey Peters,DI,ARZ,15,58,399,397,,
Matthew Slater,WR,NE,1,70.2,1,0,,
Malcolm Jenkins,S,NO,16,64.5,1042,143,,
Jason McCourty,S,MIA,7,72.1,312,6,,
J.J. Watt,DI,ARZ,8,78.6,365,362,,
Chandler Jones,ED,ARZ,16,66.9,875,863,,
Devon Kennard,ED,ARZ,16,77,280,277,,
Joe Haden,CB,PIT,13,62.1,695,3,,
Josh Mauro,ED,ARZ,5,54.8,62,62,,
Jordan Phillips,DI,ARZ,9,62.7,284,279,,
Markus Golden,ED,ARZ,17,75.2,726,699,,
Kareem Jackson,S,DEN,15,52,895,3,,
Devin McCourty,S,NE,18,75.4,1075,8,,
Jonathan Ledbetter,DI,ARZ,1,36.1,10,10,,
Rashard Lawrence,DI,ARZ,12,66.4,247,246,,
Leki Fotu,DI,ARZ,18,37.1,386,382,,
Kylie Fitts,ED,ARZ,4,59,23,19,,
Andre Roberts,WR,LAC,1,70.2,1,0,,
Michael Dogbe,DI,ARZ,17,50.7,268,265,,
Zach Allen,ED,ARZ,16,56.7,727,696,,60.15333333
Anthony Levine,S,BLT,3,44.3,32,5,,
Andrew Sendejo,S,IND,12,62.9,610,27,,
Victor Dimukeje,ED,ARZ,4,52.4,46,45,,
Patrick Peterson,CB,MIN,13,63,884,2,,
Dennis Gardeck,ED,ARZ,15,62.1,179,124,,
Steven Means,ED,ATL,14,46.5,693,641,,
Brandon Copeland,ED,ATL,16,47,339,298,,
Mike Pennel,DI,ATL,10,49,249,249,,
Jimmy Smith,CB,BLT,10,65.9,293,5,,
Dante Fowler Jr.,ED,ATL,14,55.9,508,500,,
Grady Jarrett,DI,ATL,17,67.6,864,863,,
Tyeler Davison,DI,ATL,12,46.8,358,358,,
K.J. Wright,LB,LV,18,65.1,442,146,,
Taiwan Jones,HB,BUF,1,70.2,1,0,,
Buster Skrine,CB,TEN,7,64.9,240,0,,
Richard Sherman,CB,TB,5,53.3,141,2,,
James Vaughters,ED,ATL,10,57.1,210,198,,
Jonathan Bullard,DI,ATL,9,56.7,224,223,,
Malcolm Smith,LB,CLV,15,57,425,21,,
Chris Harris Jr.,CB,LAC,14,62.4,747,13,,
Josh Bynes,LB,BLT,14,74.8,537,8,,
Nick Bellore,FB,SEA,1,59.9,1,0,,
Adetokunbo Ogundeji,ED,ATL,16,54.2,527,525,,58.57222222
Stephon Gilmore,CB,CAR,8,77.1,304,1,,
Marlon Davidson,DI,ATL,11,55.1,270,269,,
Nick Thurman,DI,ATL,1,52.1,17,17,,
Ta'Quon Graham,DI,ATL,13,47.3,309,309,,
Dre Kirkpatrick,CB,SF,3,50.7,95,1,,
Anthony Rush,DI,ATL,12,56.4,266,266,,
John Cominsky,ED,ATL,3,27.4,13,12,,
Dont'a Hightower,LB,NE,16,49.6,679,199,,
Calais Campbell,DI,BLT,15,80.8,615,613,,
Janoris Jenkins,CB,TEN,15,65.9,927,3,,
Bobby Wagner,LB,SEA,16,71.8,1129,11,,
Tavon Wilson,S,SF,4,57.7,102,3,,
Lavonte David,LB,TB,14,72.3,915,51,,
Casey Hayward Jr.,CB,LV,18,76.6,1153,18,,
Demario Davis,LB,NO,16,77.9,1038,143,,
Justin Houston,ED,BLT,15,77.8,577,574,,
Travis Benjamin,WR,SF,1,70.2,1,0,,
Kyle Wilber,LB,LV,1,60.4,4,2,,
Pernell McPhee,ED,BLT,10,51.9,234,218,,
Danny Trevathan,LB,CHI,5,45.1,77,3,,
Nate Ebner,S,NYG,1,70.3,1,0,,
Rodney McLeod,S,PHI,14,64.8,756,9,,
Michael Thomas,S,CIN,6,53.4,91,4,,
Tashaun Gipson Sr.,S,CHI,12,51.5,660,24,,
Julian Stanford,LB,CAR,6,51.1,76,7,,
Brandon Bolden,HB,NE,1,47.3,1,0,,
Harrison Smith,S,MIN,15,77.9,1048,104,,
Brandon Williams,DI,BLT,13,49.1,447,446,,
Josh Norman,CB,SF,16,47.2,768,12,,
Justin Bethel,CB,NE,10,56.5,55,3,,
D.J. Hayden,CB,WAS,1,26,4,0,,
Justin Ellis,DI,BLT,17,49.2,381,381,,
Tyus Bowser,ED,BLT,17,73.7,832,696,,
Desmond Trufant,CB,LV,11,66.1,277,3,,
Xavier Rhodes,CB,IND,13,61.8,638,1,,
Cordarrelle Patterson,HB,ATL,2,59.9,2,0,,
Alec Ogletree,LB,CHI,16,29.2,697,40,,
Darius Slay,CB,PHI,17,81,1024,4,,
Kevin Minter,LB,TB,13,54.1,335,7,,
Isaiah Mack,DI,BLT,2,86.8,31,31,,
Jon Bostic,LB,WAS,4,34.4,179,12,,
Jamie Collins Sr.,LB,NE,13,78,335,131,,
Daelin Hayes,ED,BLT,1,55,4,4,,
Robert Alford,CB,ARZ,13,66.9,580,0,,
Tyrann Mathieu,S,KC,19,67.4,1127,51,,
Justin Madubuike,DI,BLT,15,56.6,482,479,,
Logan Ryan,S,NYG,15,60.4,1003,51,,
Shawn Williams,S,ATL,5,62.6,164,12,,
Duron Harmon,S,ATL,17,58.3,1071,10,,
Jaylon Ferguson,ED,BLT,10,47.1,133,132,,
Broderick Washington,DI,BLT,14,59.8,293,293,,
Kahlil McKenzie,DI,BLT,5,71,41,41,,
Odafe Oweh,ED,BLT,15,67.9,615,592,,61.12666667
Jerry Hughes,ED,BUF,19,70.7,624,620,,
Mario Addison,ED,BUF,19,60.8,539,520,,
A.J. Klein,LB,BUF,12,48.9,299,16,,
Micah Hyde,S,BUF,19,83.8,1146,51,,
Jordan Poyer,S,BUF,18,77.7,1106,68,,
Star Lotulelei,DI,BUF,13,43.3,370,370,,
Efe Obada,ED,BUF,11,53,273,273,,
Daren Bates,LB,ATL,2,90.4,9,0,,
A.J. Bouye,CB,CAR,10,66.8,401,11,,
Jahleel Addae,S,IND,5,71.1,132,7,,
Vernon Butler,DI,BUF,11,34.8,307,307,,
Justin Zimmer,DI,BUF,6,63.6,161,161,,
Bradley McDougald,S,JAX,3,44.9,93,0,,
Rashaan Melvin,CB,CAR,10,59.2,247,5,,
Tony Jefferson,S,BLT,5,73.5,92,12,,
Brandin Bryant,DI,BUF,2,70.5,32,32,,
Jeff Heath,S,NO,4,57.1,73,3,,
Chris Banjo,S,ARZ,4,64.2,19,5,,
Nickell Robey-Coleman,CB,DET,1,47.8,62,0,,
LaRoy Reynolds,LB,NYJ,1,60,1,0,,
Demetrius Harris,TE,ARZ,1,60,1,0,,
Ed Oliver,DI,BUF,19,72.3,698,695,,
Boogie Basham,ED,BUF,10,63.3,244,244,,
Harrison Phillips,DI,BUF,16,75.2,555,555,,
Anthony Barr,LB,MIN,11,62.9,783,96,,
Eli Ankou,DI,BUF,6,52.8,109,109,,
Kyle Fuller,CB,DEN,16,47.2,719,18,,
C.J. Mosley,LB,NYJ,16,42,1098,46,,
Ha Ha Clinton-Dix,S,DEN,1,70.2,1,0,,
A.J. Epenesa,ED,BUF,16,65.2,376,374,,
Darqueze Dennard,CB,SF,1,68,21,0,,
Jason Verrett,CB,SF,1,67.6,60,0,,
Jimmie Ward,S,SF,19,74.8,1197,19,,
Bradley Roby,CB,NO,14,64.6,395,9,,
Greg Rousseau,ED,BUF,19,73.1,599,598,,62.89428571
Kyle Van Noy,LB,NE,17,71.7,864,480,,
Lamarcus Joyner,S,NYJ,1,67,9,0,,
DaQuan Jones,DI,CAR,17,66.4,640,638,,
Christian Kirksey,LB,HST,13,50.3,790,19,,
Terrence Brooks,S,HST,10,51.8,180,9,,
Bashaud Breeland,CB,MIN,13,47.2,675,5,,
Morgan Fox,DI,CAR,17,55.7,561,560,,
Haason Reddick,ED,CAR,16,67.9,852,819,,
Ross Cockrell,CB,TB,17,68.5,477,11,,
Bravvion Roy,DI,CAR,17,47.6,341,341,,
Anthony Hitchens,LB,KC,18,52.2,697,20,,
Pierre Desir,CB,TB,10,69.8,308,1,,
Dontae Johnson,CB,SF,14,63.5,325,3,,
Kevin Pierre-Louis,LB,HST,3,81,29,4,,
Nevin Lawson,CB,JAX,10,54.6,325,7,,
Darryl Johnson,ED,CAR,3,39.1,20,20,,
Ricardo Allen,S,CIN,13,55.4,171,4,,
Frank Herron,DI,CAR,1,56.5,8,8,,
Derrick Brown,DI,CAR,16,64.4,631,631,,
Brian Burns,ED,CAR,17,60.8,838,826,,58.48333333
T.J. Carrie,CB,IND,9,53.5,142,5,,
Jacob Tuioti-Mariner,ED,CAR,6,54.5,73,66,,
Marquis Haynes Sr.,ED,CAR,17,71.3,222,219,,
Terrance Mitchell,CB,HST,14,52.4,796,27,,
Yetur Gross-Matos,ED,CAR,14,63.8,349,349,,
Phil Hoskins,DI,CAR,3,44.6,28,28,,
Azur Kamara,ED,CAR,5,58.1,34,34,,
Daviyon Nixon,DI,CAR,7,66.1,82,82,,
Christian Jones,LB,CHI,11,45.3,116,27,,
Robert Quinn,ED,CHI,16,69.9,755,735,,
Adrian Phillips,S,NE,18,80,921,164,,
Bruce Irvin,ED,CHI,6,48.1,173,170,,
C.J. Goodwin,S,DAL,1,70.2,1,0,,
Daniel Sorensen,S,KC,20,47.7,816,87,,
Joe Thomas,LB,BLT,5,79,86,11,,
Keith Smith,FB,ATL,1,60,1,0,,
Akiem Hicks,DI,CHI,9,72.3,304,302,,
K'Waun Williams,CB,SF,17,63.5,828,20,,
Margus Hunt,DI,CHI,10,46.9,151,150,,
Khalil Mack,ED,CHI,7,73,315,307,,
Trae Waynes,CB,CIN,5,57.2,243,1,,
Jeremiah Attaochu,ED,CHI,5,62,129,127,,
Cassius Marsh,ED,CHI,4,52.9,97,96,,
Mario Edwards Jr.,DI,CHI,12,50.4,212,211,,
Shaq Thompson,LB,CAR,14,72.7,796,44,,
Byron Jones,CB,MIA,16,65,976,13,,
Eddie Goldman,DI,CHI,14,39.8,336,333,,
Landon Collins,S,WAS,13,54.7,675,27,,
Angelo Blackson,DI,CHI,17,50.8,584,580,,
Sam Kamara,ED,CHI,8,56.6,108,104,,
Bilal Nichols,DI,CHI,17,61.3,679,677,,
Benardrick McKinney,LB,NYG,9,34.2,181,4,,
Eric Kendricks,LB,MIN,15,59.2,1032,41,,
Jaquiski Tartt,S,SF,17,57.5,932,34,,
Eric Rowe,S,MIA,17,71.1,638,39,,
Denzel Perryman,LB,LV,16,64.3,913,9,,
Ronald Darby,CB,DEN,11,61.1,675,0,,
Trevis Gipson,ED,CHI,16,70.4,489,472,,60.40689655
Khyiris Tonga,DI,CHI,15,52.1,217,216,,
Ledarius Mack,ED,CHI,3,55.7,24,23,,
Charles Snowden,ED,CHI,1,58.7,6,6,,
LaCale London,DI,CHI,1,60,1,1,,
P.J. Williams,S,NO,16,70,545,52,,
Jordan Hicks,LB,ARZ,18,62.9,1113,19,,
Mike Daniels,DI,CIN,3,64,65,65,,
Damion Square,DI,CIN,11,42,226,226,,
Zach Kerr,DI,CIN,10,53,147,145,,
Steven Nelson,CB,PHI,17,63.6,1052,6,,
Noah Spence,ED,CIN,2,52.9,56,54,,
DJ Reader,DI,CIN,19,79.5,777,776,,
Larry Ogunjobi,DI,CIN,17,47.5,752,751,,
Kwon Alexander,LB,NO,12,53.9,535,116,,
Damien Wilson,LB,JAX,17,44,866,10,,
Trey Hendrickson,ED,CIN,20,73.4,893,891,,
Adrian Amos,S,GB,18,74.3,1101,15,,
Bobby McCain,S,WAS,17,70.9,1031,0,,
Josh Tupou,DI,CIN,19,54.9,436,436,,
David Mayo,LB,WAS,10,42.9,166,14,,
Tye Smith,CB,MIN,1,78,17,0,,
Khalid Kareem,ED,CIN,11,64,165,161,,
Quandre Diggs,S,SEA,17,71.2,1230,10,,
Sam Hubbard,ED,CIN,20,67.7,1120,1105,,
Renell Wren,DI,CIN,1,27.1,41,41,,
B.J. Hill,DI,CIN,20,70.9,720,719,,61.34666667
Darryl Roberts,CB,WAS,3,62.7,203,4,,
Wyatt Ray,ED,CIN,16,55.9,237,233,,
Cam Sample,ED,CIN,16,49.9,375,375,,
Neville Hewitt,LB,HST,11,49.4,325,5,,
Troy Hill,CB,CLV,12,60.1,533,6,,
Jake Kumerow,WR,BUF,1,60,1,0,,
Tyler Shelvin,DI,CIN,5,28.1,75,75,,
Justin Coleman,CB,MIA,15,52.4,371,2,,
Anthony Harris,S,PHI,15,61.9,897,20,,
Malik Jackson,DI,CLV,16,44.4,646,644,,
Deshazor Everett,S,WAS,3,31.4,40,1,,
Brandon King,LB,NE,1,31,2,0,,
Dean Marlowe,S,DET,15,61,700,37,,
Alex Singleton,LB,PHI,17,54.1,784,24,,
Bryce Callahan,CB,DEN,11,60,504,1,,
De'Vante Bausby,CB,NE,1,31.8,3,0,,
Justin March-Lillard,LB,LV,1,59.9,1,0,,
Nick Dzubnar,LB,TEN,11,55.1,37,27,,
Tyrell Adams,LB,JAX,1,45.6,2,0,,
Daniel Brown,TE,NYJ,1,61.6,1,0,,
Jadeveon Clowney,ED,CLV,14,66.5,677,666,,
Sheldon Day,DI,CLV,7,64.7,233,232,,
Erik Harris,S,ATL,12,59.7,702,36,,
Andrew Billings,DI,CLV,6,47.5,72,72,,
Jalen Ramsey,CB,LA,20,84.4,1269,31,,
Myles Garrett,ED,CLV,17,92,866,864,,
Takk McKinley,ED,CLV,11,58.4,320,317,,
Eli Apple,CB,CIN,20,60.5,1242,5,,
Vernon Hargreaves III,CB,CIN,11,49.4,393,10,,
Malik McDowell,DI,CLV,15,46.5,645,644,,
Karl Joseph,S,PIT,2,52.8,17,0,,
Keanu Neal,LB,DAL,14,35.9,579,14,,
Ifeadi Odenigbo,ED,CLV,9,49.6,162,161,,
William Jackson III,CB,WAS,12,59.3,748,2,,
Artie Burns,CB,CHI,6,79.5,254,4,,
Josiah Bronson,DI,CLV,7,45.7,163,162,,
Curtis Weaver,ED,CLV,1,76.3,6,6,,
Joe Jackson,ED,CLV,12,58.5,159,159,,
Porter Gustin,ED,CLV,6,57.1,134,134,,
Jaylon Smith,LB,NYG,10,66.3,329,34,,
Myles Jack,LB,JAX,15,37.7,917,88,,
Jordan Elliott,DI,CLV,16,41.6,464,462,,55.32727273
Xavien Howard,CB,MIA,16,70.9,1026,6,,
Tommy Togiai,DI,CLV,6,39.8,125,124,,
Reggie Ragland,LB,NYG,15,61.2,474,44,,
DeMarcus Lawrence,ED,DAL,8,90.9,320,308,,
Brent Urban,DI,DAL,6,46.6,160,160,,
Randy Gregory,ED,DAL,13,67.3,477,450,,
Tarell Basham,ED,DAL,18,60.2,650,629,,
Deion Jones,LB,ATL,16,34.6,1070,104,,
Mackensie Alexander,CB,MIN,16,41,689,20,,
T.J. Green,CB,HST,6,51.8,122,1,,
Sean Davis,S,NE,4,40.8,19,0,,
Vonn Bell,S,CIN,20,72.1,1271,96,,
James Bradberry,CB,NYG,17,62.8,1160,4,,
Carlos Watkins,DI,DAL,16,58.3,469,468,,
Kevin Byard,S,TEN,18,90.4,1123,11,,
Neville Gallimore,DI,DAL,6,49.8,194,193,,
Chauncey Golston,ED,DAL,16,57.4,422,419,,
Osa Odighizuwa,DI,DAL,17,46.9,643,642,,
Darian Thompson,S,DAL,4,71.6,16,2,,
Bradlee Anae,ED,DAL,3,45.2,50,49,,
Daryl Worley,CB,BLT,3,29.2,100,1,,
Trysten Hill,DI,DAL,7,57.8,194,194,,
Kendall Fuller,CB,WAS,16,81.5,1004,19,,
Nick Vigil,LB,MIN,16,42.1,718,50,,
Dorance Armstrong,ED,DAL,14,65.7,535,522,,56.325
Quinton Bohanna,DI,DAL,14,30.5,222,222,,
Justin Simmons,S,DEN,17,74.8,1082,9,,
Joe Schobert,LB,PIT,17,53.5,956,74,,
Austin Faoliu,DI,DAL,1,62.7,13,13,,
Tavon Young,CB,BLT,17,60.4,550,9,,
Eric Murray,S,HST,13,50.9,759,107,,
Ryan Smith,CB,LAC,2,61.8,54,0,,
Miles Killebrew,LB,PIT,11,65.3,47,3,,
Nick Kwiatkoski,LB,LV,6,59.4,67,0,,
De'Vondre Campbell,LB,GB,17,85,1041,46,,
Mike Purcell,DI,DEN,13,64.3,361,361,,
Juston Burris,S,CAR,9,56.6,420,18,,
Shamar Stephen,DI,DEN,17,49.5,393,393,,
Shelby Harris,DI,DEN,16,61.3,564,563,,
Deon Bush,S,CHI,11,68.1,377,11,,
Blake Martinez,LB,NYG,3,57.8,142,4,,
Rashard Robinson,CB,TB,2,52.5,25,0,,
Justin Hamilton,DI,DEN,9,47.3,249,248,,
DeShawn Williams,DI,DEN,15,56.2,386,386,,
Stephen Weatherly,ED,DEN,15,52.5,344,341,,
Pita Taumoepenu,ED,DEN,2,78,3,2,,
Dre'Mont Jones,DI,DEN,16,57.8,614,611,,
Jonathon Cooper,ED,DEN,16,69.1,457,447,,
Marqui Christian,CB,CHI,9,41,127,0,,
DeAndre Houston-Carson,S,CHI,13,79.4,420,11,,
Anthony Brown,CB,DAL,17,66,1111,4,,
Derek Watt,FB,PIT,1,60,1,0,,
Kamu Grugier-Hill,LB,HST,14,44.2,778,69,,
Maurice Canady,CB,DAL,6,64.8,70,2,,
Elandon Roberts,LB,MIA,17,54.1,620,12,,
Kevon Seymour,CB,BLT,6,38.8,247,3,,
Will Parks,S,NYJ,3,78.7,91,4,,
McTelvin Agim,DI,DEN,7,43.4,90,90,,
Jalen Mills,CB,NE,16,67.5,914,29,,
Jayron Kearse,S,DAL,17,75.9,1073,176,,
Clayton Fejedelem,S,MIA,5,60,17,2,,
Tyler Matakevich,LB,BUF,9,75.9,59,3,,
Joe Walker,LB,ARZ,8,66.2,55,1,,
Mike Hilton,CB,CIN,21,70.2,1031,34,,
Jarrod Wilson,S,SF,7,54.6,184,9,,
Matthias Farley,S,TEN,8,81.1,58,0,,
Andre Mintze,ED,DEN,4,55.6,64,63,,
Bradley Chubb,ED,DEN,7,45,268,266,,
Aaron Patrick,ED,DEN,6,47,52,52,,
Sharrod Neasman,S,NYJ,9,53.8,226,8,,
Patrick Onwuasor,LB,LV,1,59.9,2,0,,
Malik Reed,ED,DEN,14,55.9,737,717,,59.98823529
Charles Washington,S,ARZ,1,73.7,4,0,,
Stephen Anderson,TE,LAC,1,60,1,0,,
Marquiss Spencer,DI,DEN,1,55.5,14,14,,
Jonathan Harris,DI,DEN,3,46.7,71,71,,
Cory Littleton,LB,LV,16,47.8,693,19,,
Michael Brockers,DI,DET,16,41.1,622,622,,
Jonathan Jones,CB,NE,6,50.7,224,0,,
Ken Crawley,CB,NO,3,35.6,16,0,,
Andrew Adams,S,TB,9,78.4,217,11,,
Dont'e Deayon,CB,LA,11,68,492,0,,
Nick Williams,DI,DET,17,50.3,622,621,,
Trey Flowers,ED,DET,7,63.2,302,296,,
Kevin Peterson,CB,ARZ,4,60.7,119,0,,
Romeo Okwara,ED,DET,4,73.3,188,182,,
Charles Harris,ED,DET,17,68.3,871,849,,
Antonio Hamilton Sr.,CB,ARZ,11,65.4,313,3,,
Rashod Berry,ED,DET,5,44.6,62,62,,
Jashon Cornell,DI,DET,1,57.2,4,4,,
Jamal Adams,S,SEA,12,60.1,872,114,,
Marshon Lattimore,CB,NO,16,77.3,999,2,,
Austin Bryant,ED,DET,14,54.5,436,431,,
Levi Onwuzurike,DI,DET,16,43.2,396,395,,
Malik Hooker,S,DAL,16,70.4,474,35,,
Marlon Humphrey,CB,BLT,12,65.9,746,17,,
Julian Okwara,ED,DET,13,67.7,361,335,,
Adoree' Jackson,CB,NYG,13,74.9,815,6,,
Jarrad Davis,LB,NYJ,9,28.6,209,43,,
Eric Banks,DI,DET,3,32.4,34,34,,
Jabrill Peppers,S,NYG,6,58.7,229,32,,
Bruce Hector,DI,DET,3,62.6,52,52,,
Tre'Davious White,CB,BUF,11,65.7,630,5,,
John Penisini,DI,DET,16,56.3,276,275,,
Alim McNeill,DI,DET,17,60.1,422,422,,58.4
Kevin King,CB,GB,11,71,311,2,,
Jessie Lemonier,ED,DET,7,51.1,161,160,,
Budda Baker,S,ARZ,18,64.6,1080,38,,
Marcus Maye,S,NYJ,6,55.9,362,13,,
Marcus Williams,S,NO,16,80.1,1037,1,,
Sidney Jones IV,CB,SEA,12,70.2,730,11,,
Whitney Mercilus,ED,GB,11,61.2,323,318,,
Preston Smith,ED,GB,17,81.5,732,716,,
Teez Tabor,S,CHI,5,63.5,112,0,,
Za'Darius Smith,ED,GB,2,56.1,37,31,,
Zach Cunningham,LB,TEN,15,62.9,689,50,,
Kenny Clark,DI,GB,17,75.4,828,823,,
Chidobe Awuzie,CB,CIN,18,75.5,1043,4,,
Josh Jones,S,SEA,3,54.9,73,5,,
Dean Lowry,DI,GB,18,66.8,718,718,,
Ahkello Witherspoon,CB,PIT,10,75.8,410,0,,
Abdullah Anderson,DI,GB,3,58.6,49,49,,
Cooper Kupp,WR,LA,1,70.2,1,0,,
Chauncey Rivers,ED,GB,4,56,54,54,,
Rashan Gary,ED,GB,17,89.8,722,701,,68.23076923
Duke Riley,LB,MIA,15,67.2,227,43,,
Alex Anzalone,LB,DET,14,35.4,827,39,,
Jack Heflin,DI,GB,3,48,17,17,,
Fabian Moreau,CB,ATL,16,57.7,1036,7,,
Tyler Lancaster,DI,GB,17,56.3,347,347,,
Shaquill Griffin,CB,JAX,14,72,872,15,,
Jourdan Lewis,CB,DAL,17,61.3,842,23,,
John Johnson III,S,CLV,15,68.7,903,9,,
Kingsley Keke,DI,GB,12,63.4,393,392,,
Cameron Sutton,CB,PIT,17,59.3,1153,29,,
Rasul Douglas,CB,GB,13,74.5,734,4,,
La'Darius Hamilton,ED,GB,5,62.9,64,64,,
Tipa Galeai,ED,GB,7,77.1,152,147,,
T.J. Slaton,DI,GB,18,52.8,266,266,,
Eddie Jackson,S,CHI,14,59,787,60,,
Rayshawn Jenkins,S,JAX,14,56.9,836,55,,
Jalen Reeves-Maybin,LB,DET,15,55.8,615,33,,
Jonathan Garvin,ED,GB,16,59.6,396,385,,
Chris Smith,ED,HST,4,66.2,90,89,,
Xavier Williams,DI,HST,1,63.5,27,27,,
Maliek Collins,DI,HST,15,64,628,628,,
Damontae Kazee,S,DAL,18,61.8,930,4,,
Desmond King II,CB,HST,16,53,929,31,,
Corn Elder,CB,WAS,2,63.4,19,0,,
Jayon Brown,LB,TEN,11,53,444,34,,
Nate Hairston,CB,DEN,10,73.3,148,0,,
Anthony Walker Jr.,LB,CLV,13,69.1,701,9,,
Matt Milano,LB,BUF,18,67,1038,97,,
Marquel Lee,LB,LV,5,50.4,35,0,,
Brian Allen,CB,CLV,1,60,1,0,,
Jordan Jenkins,ED,HST,11,49.2,282,282,,
Chuck Clark,S,BLT,16,66.2,1023,115,,
Xavier Woods,S,MIN,17,66.4,1207,31,,
Jordan Evans,LB,CIN,4,57.7,44,8,,
DeMarcus Walker,ED,HST,13,60.5,458,457,,
Tanner Vallejo,LB,ARZ,10,30.7,159,1,,
Derek Rivers,ED,HST,5,56,143,143,,
Jaleel Johnson,DI,HST,12,44.4,322,322,,
Vincent Taylor,DI,HST,1,50,25,25,,
Brandon Wilson,S,CIN,3,58.3,79,1,,
Rudy Ford,CB,JAX,15,57.7,423,31,,
Michael Dwumfour,DI,HST,3,48,67,67,,
Ron'Dell Carter,ED,HST,1,42.3,17,17,,
Adrian Colbert,S,CLV,5,44.1,161,5,,
Elijah Lee,LB,CLV,8,67.7,74,3,,
Noah Brown,WR,DAL,1,70.9,1,0,,
Ross Blacklock,DI,HST,14,50.4,457,457,,
Michael Davis,CB,LAC,14,54,851,4,,
Greg Mabin,CB,TEN,5,52,171,0,,
C.J. Board,WR,NYG,1,70.2,1,0,,
Jonathan Greenard,ED,HST,12,82.9,414,414,,
Kai Nacua,S,NYJ,1,55,11,1,,
Marcus Kemp,WR,KC,2,62,2,0,,
Demone Harris,ED,HST,3,67.3,58,58,,
Arthur Maulet,CB,PIT,15,57.5,380,61,,
Calvin Munson,LB,MIA,4,55.5,12,0,,
Corey Clement,HB,DAL,1,70.2,1,0,,
Jamal Perry,S,MIA,1,60,3,2,,
Joe Jones,LB,TEN,4,54,26,26,,
Caleb Johnson,LB,CHI,1,37.5,5,0,,
Sione Takitaki,LB,CLV,15,67.5,285,55,,
Kamal Martin,LB,CAR,3,26.2,11,0,,
Buddy Howell,HB,LA,1,60,1,0,,
Penny Hart,WR,SEA,1,60.1,1,0,,
Sam Beal,CB,NYG,3,70.8,3,0,,
Alexander Johnson,LB,DEN,6,80.9,323,21,,
Sam Eguavoen,LB,MIA,15,63.3,181,80,,
Justin Hardee,CB,NYJ,2,60.9,2,0,,
Roy Lopez,DI,HST,16,55.7,502,502,,
Ross Dwelley,TE,SF,1,59.9,1,0,,
Jacob Martin,ED,HST,17,67.3,700,700,,58.55294118
DeForest Buckner,DI,IND,17,71.9,843,830,,
Dylan Cole,LB,TEN,6,39.8,54,2,,
Antwaun Woods,DI,IND,7,60.8,74,74,,
Foyesade Oluokun,LB,ATL,17,47,1148,46,,
Deionte Thompson,S,ARZ,14,69,85,2,,
Levi Wallace,CB,BUF,19,62.8,1116,26,,
Dane Cruikshank,S,TEN,14,56.6,437,6,,
JaMycal Hasty,HB,SF,1,52.4,1,0,,
Grover Stewart,DI,IND,17,72.6,643,643,,
Clay Johnston,LB,CIN,7,54.1,94,6,,
Henry Black,S,GB,18,45.9,283,1,,
Tyler Mabry,TE,SEA,1,59.9,1,0,,
Jonathan Ward,HB,ARZ,1,60,1,0,,
Sean Murphy-Bunting,CB,TB,10,56.4,524,12,,
Al-Quadin Muhammad,ED,IND,17,64.6,800,799,,
Isaac Rochell,ED,IND,12,58.6,177,177,,
Mark Gilbert,CB,DET,4,76.3,47,3,,
Kemoko Turay,ED,IND,13,53.2,224,216,,
Ben Banogu,ED,IND,8,60.1,68,67,,
Freddie Swain,WR,SEA,1,59.9,1,0,,
Tyquan Lewis,ED,IND,8,71.3,311,311,,
Taylor Stallworth,DI,IND,16,60.9,331,331,,
C.J. Moore,S,DET,11,59.2,158,13,,
D.J. Reed,CB,SEA,14,78.6,1002,12,,
Isaiah Rodgers,CB,IND,17,70.7,525,0,,
Khalil Davis,DI,IND,1,56.4,6,6,,
Siran Neal,CB,BUF,12,48.5,171,19,,
Kwity Paye,ED,IND,15,69.6,638,636,,60.61071429
Dayo Odeyingbo,ED,IND,10,61.4,173,172,,
Devin Bush,LB,PIT,15,34.4,795,42,,
Chris Williams,DI,IND,8,49.5,62,62,,
David Long Jr.,CB,LA,18,60.8,671,5,,
Lerentee McCray,ED,JAX,11,60.8,71,62,,
Nick Bawden,FB,NYJ,1,60,1,0,,
D'Angelo Ross,CB,NE,4,64.1,68,0,,
Malcom Brown,DI,JAX,17,43.2,678,676,,
Ben Skowronek,WR,LA,1,60,1,0,,
Jihad Ward,ED,JAX,17,53.4,455,453,,
Adam Gotsis,DI,JAX,16,52.3,443,441,,
Roy Robertson-Harris,DI,JAX,14,53,547,547,,
Dawuane Smoot,ED,JAX,16,68.1,675,668,,
DaVon Hamilton,DI,JAX,16,52.8,443,441,,
Damon Arnette,CB,LV,4,32.9,61,0,,
Malik Harrison,LB,BLT,8,42.1,171,22,,
Jerome Baker,LB,MIA,16,60.9,971,410,,
Keandre Jones,LB,CIN,1,36.2,5,1,,
Jordan Smith,ED,JAX,2,27.8,21,21,,
Tremon Smith,CB,HST,7,58.3,179,3,,
Troy Dye,LB,MIN,3,60.6,54,0,,
Jamir Jones,ED,JAX,9,51.8,114,108,,
Doug Costin,DI,JAX,1,56.8,15,15,,
Taven Bryan,DI,JAX,15,56.4,301,299,,
Jimmy Moreland,CB,HST,1,62.5,8,0,,
Jermaine Carter,LB,CAR,17,42.6,852,22,,
DeShon Elliott,S,BLT,6,65.6,305,29,,
Robert Jackson,CB,BLT,2,57.5,43,0,,
Joejuan Williams,CB,NE,13,59.3,295,4,,
Darius Harris,LB,KC,1,59.9,1,0,,
David Long Jr.,LB,TEN,11,68,675,37,,
Germaine Pratt,LB,CIN,19,54,914,195,,
Jeff Wilson Jr.,HB,SF,1,59.9,1,0,,
Chris Board,LB,BLT,16,53.6,337,55,,
Justin Jackson,HB,LAC,1,72.2,1,0,,
Logan Wilson,LB,CIN,17,61.5,976,57,,
Dakota Allen,LB,JAX,4,49.2,43,5,,
Ty Summers,LB,GB,2,26.6,29,0,,
Josh Allen,ED,JAX,16,78.5,767,763,,54.296875
Jay Tufele,DI,JAX,4,57.7,54,54,,
Jabril Cox,LB,DAL,3,73.3,9,5,,
T.J. Edwards,LB,PHI,17,75.5,719,1,,
Dee Delaney,CB,TB,8,54.9,213,2,,
George Odum,S,IND,15,62.9,472,22,,
K'Lavon Chaisson,ED,JAX,15,47,384,348,,
Melvin Ingram III,ED,KC,18,80.9,731,682,,
Dane Jackson,CB,BUF,15,58.1,620,18,,
DeAndre Baker,CB,KC,9,59,239,0,,
Alex Okafor,ED,KC,20,62.3,522,515,,
Robert Rochell,CB,LA,10,61.9,233,1,,
Nasir Adderley,S,LAC,15,67.3,987,7,,
Mike Hughes,CB,KC,20,72.9,609,8,,
Kendall Sheffield,CB,ATL,2,64.2,53,0,,
Jovante Moffatt,S,CLV,1,58.2,54,6,,
Kris Boyd,CB,MIN,7,39,160,3,,
Darnell Savage,S,GB,18,57.3,1071,2,,
Gavin Heslop,S,SEA,1,61.7,4,0,,
Zayne Anderson,S,KC,1,62.1,6,0,,
Zack Baun,LB,NO,9,44.6,194,59,,
Johnathan Abram,S,LV,14,56.9,955,63,,
Akeem Davis-Gaither,LB,CIN,9,60.2,207,27,,
Jordan Glasgow,LB,IND,1,61.4,1,0,,
Jamel Dean,CB,TB,17,71.8,823,11,,
Frank Clark,ED,KC,17,54.9,807,805,,
Blake Cashman,LB,NYJ,1,29.1,33,7,,
Chris Jones,DI,KC,17,83.4,764,762,,
Noah Dawkins,LB,NYJ,1,68.2,14,4,,
Tae Crowder,LB,NYG,17,29.1,1099,24,,
Jonas Griffith,LB,DEN,5,69.1,255,0,,
Tanner Muse,LB,SEA,1,59.9,1,0,,
Jarran Reed,DI,KC,20,54.5,843,843,,
Khalen Saunders,DI,KC,7,53.9,144,144,,
Cortez Broughton,DI,KC,1,59.2,3,3,,
Tershawn Wharton,DI,KC,20,47.9,581,581,,
Mike Danna,ED,KC,20,63.8,586,579,,
Derrick Nnadi,DI,KC,20,51.3,502,502,,58.84193548
Joshua Kaindoh,ED,KC,3,51.1,46,46,,
Von Miller,ED,LA,19,91.2,939,917,,
Aaron Donald,DI,LA,21,93.5,1261,1257,,
Leonard Floyd,ED,LA,21,73.8,1134,1089,,
Davontae Harris,CB,LAC,4,40.8,74,0,,
A'Shawn Robinson,DI,LA,21,77.7,628,627,,
Troy Reeder,LB,LA,21,43.1,864,18,,
Juwann Winfree,WR,GB,1,70.2,1,0,,
J.R. Reed,S,NYG,2,71.6,56,1,,
Camryn Bynum,S,MIN,9,78.3,211,7,,
Marquise Copeland,DI,LA,13,67.8,139,139,,
Terrell Lewis,ED,LA,11,49.8,367,354,,
Jonah Williams,DI,LA,8,64.9,97,96,,
Matthew Adams,LB,IND,2,60.6,2,0,,
Justin Hollins,ED,LA,12,64.3,279,252,,
Jordan Kunaszyk,LB,WAS,2,53.4,12,3,,
Greg Gaines,DI,LA,21,69.8,1000,997,,66.925
Sebastian Joseph-Day,DI,LA,8,61.5,343,342,,
Eric Wilson,LB,HST,9,39.6,298,4,,
Chapelle Russell,LB,JAX,6,50.4,94,4,,
Andrew Dowell,LB,NO,2,56.9,20,1,,
Ogbo Okoronkwo,ED,LA,17,79.5,314,306,,
Breon Borders,CB,ARZ,7,45.2,70,0,,
Devin Duvernay,WR,BLT,1,60,1,0,,
Gabe Nabers,FB,LAC,1,60,1,0,,
Justin Layne,CB,PIT,5,40.2,29,0,,
Justin Lawler,ED,LA,3,70.8,18,17,,
L'Jarius Sneed,CB,KC,18,63.6,1113,66,,
Reggie Gilliam,FB,BUF,1,60,1,0,,
Alohi Gilman,S,LAC,11,58.8,355,9,,
Trevon Diggs,CB,DAL,17,58.5,1078,1,,
Marquez Stevenson,WR,BUF,1,70.2,1,0,,
Trayvon Mullen,CB,LV,5,61.7,229,1,,
Bobby Brown III,DI,LA,8,64.5,29,29,,
Divine Deablo,LB,LV,9,60.8,326,15,,
Charlie Woerner,TE,SF,1,61.4,1,0,,
Bryce Hall,CB,NYJ,17,63.2,1171,21,,
Byron Pringle,WR,KC,2,59.9,2,0,,
Amen Ogbongbemiga,LB,LAC,10,33.3,111,0,,
Isaiah Simmons,LB,ARZ,18,49.7,1024,237,,
Tay Gowan,CB,PHI,2,60.8,44,0,,
K'Von Wallace,S,PHI,5,56.1,183,3,,
Cameron Dantzler,CB,MIN,13,73.8,685,4,,
Antoine Winfield Jr.,S,TB,15,89.5,1014,42,,
Michael Hoecht,DI,LA,13,48.7,112,111,,
Shemar Jean-Charles,CB,GB,7,45.5,38,1,,
Chris Jackson,CB,TEN,12,56.7,388,2,,
Cam Brown,LB,NYG,3,53.4,12,5,,
Daniel Thomas,S,JAX,6,61.9,205,24,,
Krys Barnes,LB,GB,17,53.8,564,4,,
Tyler Coyle,S,DAL,1,61.4,16,0,,
Shaun Bradley,LB,PHI,5,59.8,73,0,,
Justin Strnad,LB,DEN,9,32,314,1,,
Mecole Hardman Jr.,WR,KC,2,59.9,2,0,,
Chris Garrett,ED,LA,1,53.8,4,4,,
Linval Joseph,DI,LAC,14,63.4,550,550,,
Christian Covington,DI,LAC,16,55.9,523,523,,
J.C. Jackson,CB,NE,18,78.9,995,9,,
Joey Bosa,ED,LAC,16,85.8,847,837,,
Kyler Fackrell,ED,LAC,13,63.3,382,372,,
Joe Gaziano,DI,LAC,14,61.4,214,214,,
Curtis Robinson,LB,SF,2,23.9,84,0,,
Avery Williams,CB,ATL,7,48,122,2,,
Kristian Fulton,CB,TEN,14,64.1,803,1,,
Emeke Egbule,ED,LAC,2,53.8,40,40,,
Dicaprio Bootle,CB,KC,1,66.7,27,0,,
Nigel Warrior,S,SEA,1,64.3,20,0,,
Justin Jones,DI,LAC,11,57.9,486,485,,
Breiden Fehoko,DI,LAC,8,51.1,121,120,,
Charvarius Ward,CB,KC,16,71.2,933,45,,
Brandon Jones,S,MIA,15,53.4,644,124,,
Jared Mayden,S,PHI,2,46.5,38,0,,
Andrew Brown,DI,LAC,2,55.8,12,12,,
Brady Breeze,S,DET,1,54.6,14,0,,
Devin White,LB,TB,19,35.1,1218,40,,
Jeremy Chinn,S,CAR,16,71.4,1015,119,,
Mack Wilson Sr.,LB,CLV,13,75.3,193,27,,
Richie Grant,CB,ATL,12,58.6,276,7,,
Joe Bachie,LB,CIN,6,51.9,160,2,,
Greedy Williams,CB,CLV,15,64.6,591,0,,
Damar Hamlin,S,BUF,7,79.8,65,0,,
Myles Bryant,CB,NE,13,59.5,428,7,,
Josh Metellus,S,MIN,4,66,54,2,,
Jerry Tillery,DI,LAC,16,46.3,858,855,,
Uchenna Nwosu,ED,LAC,17,64.3,781,759,,59.76
Bopete Keyes,CB,CHI,3,26.2,8,0,,
Carter Coughlin,LB,NYG,6,43.6,40,4,,
Nick Niemann,LB,LAC,7,54.7,67,1,,
Chris Rumph II,ED,LAC,15,60.8,176,173,,
Grayland Arnold,S,HST,1,61,3,0,,
Sam Franklin Jr.,S,CAR,9,33.3,153,18,,
Forrest Merrill,DI,LAC,4,31.9,36,36,,
Gerald McCoy,DI,LV,1,48.2,9,9,,
Johnathan Hankins,DI,LV,15,46.7,605,601,,
Darius Philon,DI,LV,11,58.7,277,276,,
Carl Nassib,ED,LV,14,67.6,264,263,,
De'Jon Harris,LB,WAS,2,61.4,15,1,,
Yannick Ngakoue,ED,LV,18,47.1,883,881,,
Quinton Jefferson,DI,LV,18,51.9,707,705,,
Solomon Thomas,DI,LV,18,40.4,597,597,,
Clelin Ferrell,ED,LV,17,45.9,273,273,,
Byron Murphy Jr.,CB,ARZ,17,58.5,1027,18,,
Maxx Crosby,ED,LV,18,91.7,977,975,,56.99
Kendal Vickers,DI,LV,1,35.1,19,19,,
Rodarius Williams,CB,NYG,5,43.9,50,0,,
Malcolm Koonce,ED,LV,4,60.8,48,48,,
Jabaal Sheard,ED,MIA,1,46,13,11,,
John Jenkins,DI,MIA,7,71,176,176,,
Emmanuel Ogbah,ED,MIA,17,77,755,755,,
Brennan Scarlett,ED,MIA,13,76.9,165,155,,
Vince Biegel,ED,MIA,4,77.4,7,6,,
Adam Butler,DI,MIA,17,54.4,592,588,,
Andrew Van Ginkel,ED,MIA,17,61.8,801,717,,
Raekwon Davis,DI,MIA,14,36.5,424,424,,
Elijah Riley,S,NYJ,7,58.1,386,12,,
Christian Wilkins,DI,MIA,17,83.3,734,732,,
Kyzir White,LB,LAC,17,66.5,979,21,,
Jaelan Phillips,ED,MIA,17,53.7,603,579,,
Zach Sieler,DI,MIA,17,84.9,518,517,,66.40909091
Darius Hodge,ED,MIA,2,52.3,6,6,,
Everson Griffen,ED,MIN,9,63.7,457,453,,
Sheldon Richardson,DI,MIN,17,62.1,688,684,,
Danielle Hunter,ED,MIN,7,80.8,384,382,,
T.Y. McGill,DI,MIN,2,51.6,33,33,,
Eddie Yarbrough,ED,MIN,2,30.1,7,7,,
Michael Pierce,DI,MIN,8,78.5,251,251,,
Dalvin Tomlinson,DI,MIN,16,74.9,641,641,,
Francis Bernard,LB,DAL,1,48.5,9,0,,
Connor Strachan,LB,HST,1,46,4,2,,
Terrell Burgess,S,LA,9,64.1,143,2,,
Essang Bassey,CB,LAC,1,28.9,11,0,,
Jordan Fuller,S,LA,16,74.3,1028,4,,
Armon Watts,DI,MIN,17,61.6,669,668,,
Zech McPhearson,CB,PHI,7,64.2,179,0,,
Kenny Willekes,ED,MIN,6,63.1,202,201,,
Brandon Stephens,S,BLT,17,53,742,36,,
Travis Homer,HB,SEA,1,63.8,1,0,,
Qadree Ollison,HB,ATL,1,60,1,0,,
Benny Snell Jr.,HB,PIT,1,60,1,0,,
Foster Moreau,TE,LV,1,60,1,0,,
River Cracraft,WR,SF,1,59.9,1,0,,
Hunter Renfrow,WR,LV,2,82.6,2,0,,
Aaron Fuller,WR,SEA,1,59.9,1,0,,
Blake Lynch,LB,MIN,10,64.6,218,48,,
Tyler Davis,TE,GB,1,60,1,0,,
Michael Jacquet,CB,JAX,1,60,1,0,,
Ray-Ray McCloud III,WR,PIT,1,70.2,1,0,,
Christian Blake,WR,ATL,1,70.9,1,0,,
Braxton Berrios,WR,NYJ,2,60.1,2,0,,
Stantley Thomas-Oliver III,CB,CAR,6,48.6,20,0,,
Malik Turner,WR,DAL,1,70.3,1,0,,
Nyheim Hines,HB,IND,1,59.9,1,0,,
Cody Thompson,WR,SEA,1,67.7,1,0,,
Miles Boykin,WR,BLT,1,60,1,0,,
Dillon Stoner,WR,LV,1,70.2,1,0,,
A.J. Brown,WR,TEN,5,64,5,0,,
T.J. Smith,DI,MIN,1,56.8,20,20,,
Pat Jones II,ED,MIN,9,43,99,99,,
D.J. Wonnum,ED,MIN,17,50.5,951,935,,60.65
Tashawn Bower,ED,MIN,6,51.1,66,65,,
James Lynch,DI,MIN,13,48.2,304,304,,
Lawrence Guy Sr.,DI,NE,18,63.1,562,560,,
Carl Davis Jr.,DI,NE,17,33,277,277,,
Henry Anderson,DI,NE,4,67.5,35,35,,
Matthew Judon,ED,NE,18,62.9,900,860,,
Deatrich Wise Jr.,ED,NE,17,62.2,562,559,,
Davon Godchaux,DI,NE,18,63.7,673,670,,
Josh Uche,ED,NE,13,60.9,241,218,,
Chase Winovich,ED,NE,9,55.6,112,109,,
Daniel Ekuale,DI,NE,8,44.5,115,115,,
Christian Barmore,DI,NE,18,63.2,631,630,,57.66
Cameron Jordan,ED,NO,16,84.3,831,829,,
Ethan Westbrooks,ED,NO,1,65,15,15,,
Christian Ringo,DI,NO,14,66.5,315,315,,
David Onyemata,DI,NO,11,81.9,430,429,,
Tanoh Kpassagnon,ED,NO,8,69.6,220,217,,
Albert Huggins,DI,NO,9,46.5,219,219,,
Shy Tuttle,DI,NO,17,71.7,494,494,,
Jalyn Holmes,ED,NO,8,58.8,189,189,,
Carl Granderson,ED,NO,15,63.2,448,448,,
Braxton Hoyett,DI,NO,1,45.6,15,15,,
Malcolm Roach,DI,NO,7,49.5,194,192,,
Sharif Finch,ED,NO,2,66.6,24,24,,
Marcus Davenport,ED,NO,11,88.8,437,435,,66
Kaden Elliss,ED,NO,13,68.4,192,134,,
Payton Turner,ED,NO,5,64.6,144,143,,
Leonard Williams,DI,NYG,17,71.1,890,887,,
Danny Shelton,DI,NYG,13,44.9,256,255,,
Austin Johnson,DI,NYG,17,58.3,665,664,,
Woodrow Hamilton,DI,NYG,3,54.7,21,21,,
Dexter Lawrence,DI,NYG,16,68.6,759,758,,
Quincy Roche,ED,NYG,14,59.6,401,396,,
Elerson Smith,ED,NYG,6,57.4,107,105,,
Oshane Ximines,ED,NYG,9,61.8,183,182,,
Trent Harris,ED,NYG,3,61,44,42,,
David Moa,DI,NYG,4,30.3,44,44,,
Lorenzo Carter,ED,NYG,14,63.8,617,580,,
Raymond Johnson III,DI,NYG,15,39.6,166,166,,
Azeez Ojulari,ED,NYG,17,58.3,781,775,,56.10769231
Sheldon Rankins,DI,NYJ,16,46.1,643,642,,
Shaq Lawson,ED,NYJ,14,58.6,534,533,,
Ronald Blair III,ED,NYJ,8,62.4,315,313,,
Nathan Shepherd,DI,NYJ,17,50.8,495,494,,
Jabari Zuniga,ED,NYJ,3,58,53,53,,
Bryce Huff,ED,NYJ,9,60.7,338,336,,
Kyle Phillips,ED,NYJ,7,59.8,234,231,,
Folorunso Fatukasi,DI,NYJ,15,61.5,558,558,,
Hamilcar Rashed,ED,NYJ,1,56.6,16,16,,
Nick Scott,S,LA,21,57,655,0,,
Josh Woods,LB,DET,4,55.9,113,7,,
Justin Reid,S,HST,13,50.9,780,21,,
Tre Flowers,CB,CIN,17,52.8,440,10,,
Khaleke Hudson,LB,WAS,4,52.3,23,2,,
Jalen Thompson,S,ARZ,18,68.5,1044,1,,
Dallin Leavitt,S,LV,16,62.2,255,3,,
Ryan Neal,S,SEA,13,59.6,434,51,,
Trey Marshall,S,LAC,11,48.4,197,3,,
Myles Hartsfield,S,CAR,10,50.7,472,40,,
Jessie Bates III,S,CIN,19,67.8,1221,16,,
Ezekiel Turner,LB,ARZ,3,49.6,6,0,,
Jordan Whitehead,S,TB,16,70.7,921,89,,
Ronnie Harrison,S,CLV,12,60.8,584,43,,
Demetrius Flannigan-Fowles,LB,SF,8,74.3,164,11,,
Marcus Allen,LB,PIT,5,56.5,77,21,,
Andrew Wingard,S,JAX,15,69,930,31,,
Rashad Fenton,CB,KC,14,79.1,581,4,,
Carlton Davis III,CB,TB,12,71.6,773,4,,
Chris Jones,CB,TEN,6,67.3,83,0,,
Kindle Vildor,CB,CHI,16,50.2,822,8,,
Chandon Sullivan,CB,GB,18,55,843,2,,
Jaire Alexander,CB,GB,5,73.4,227,2,,
Ugo Amadi,CB,SEA,17,43.7,692,21,,
Isaac Yiadom,CB,GB,7,31,96,0,,
Torry McTyer,CB,WAS,3,57.5,42,0,,
Chris Lammons,CB,KC,2,54,14,0,,
C.J. Gardner-Johnson,CB,NO,12,62.2,627,52,,
Donte Jackson,CB,CAR,12,61.3,717,1,,
Danny Johnson,CB,WAS,11,65.4,336,9,,
John Reid,CB,SEA,5,66.8,132,0,,
Cam Lewis,CB,BUF,4,68.9,66,3,,
M.J. Stewart,S,CLV,8,83.8,328,8,,
Chris Westry,CB,BLT,5,55.2,183,1,,
Donovan Wilson,S,DAL,10,62.7,380,33,,
Javaris Davis,CB,MIA,1,67.7,10,0,,
Julian Blackmon,S,IND,6,60.7,376,0,,
Keion Crossen,CB,NYG,5,68.2,24,1,,
Chris Williamson,CB,ATL,4,50.5,55,0,,
Darius Phillips,CB,CIN,6,62.8,90,0,,
Taron Johnson,CB,BUF,18,70.3,990,40,,
Tim Harris,CB,CLV,1,60,2,0,,
Nick McCloud,CB,BUF,1,68.6,14,0,,
JuJu Hughes,S,LA,3,35.5,30,0,,
Denzel Ward,CB,CLV,15,76.9,855,7,,
Ashtyn Davis,S,NYJ,13,60.7,745,10,,
Rock Ya-Sin,CB,IND,13,69.9,592,6,,
Duke Shelley,CB,CHI,9,53.7,409,1,,
Jonathan Marshall,DI,NYJ,4,37.7,77,76,,
Quinnen Williams,DI,NYJ,15,64.4,613,613,,
Freedom Akinmoladun,DI,NYJ,1,45.2,21,21,,
Tim Ward,ED,NYJ,11,63.1,191,191,,
Markus Bailey,LB,CIN,17,57.9,273,18,,
Shaquille Leonard,LB,IND,16,79,1000,82,,
John Franklin-Myers,ED,NYJ,16,80.3,717,716,,60.3703125
Cole Holcomb,LB,WAS,16,56.7,1021,49,,
Quincy Williams,LB,NYJ,16,44.2,881,56,,
Azeez Al-Shaair,LB,SF,16,63.5,829,70,,
Zaire Franklin,LB,IND,17,71.3,201,28,,
Christian Rozeboom,LB,LA,1,63.9,2,0,,
Brandon Graham,ED,PHI,2,62.6,50,50,,
Ryan Kerrigan,ED,PHI,17,64.7,364,361,,
Fletcher Cox,DI,PHI,17,68.7,805,799,,
Javon Hargrave,DI,PHI,17,67.3,779,777,,
Hassan Ridgeway,DI,PHI,18,38.2,396,396,,
Derek Barnett,ED,PHI,17,61.9,776,775,,
Raequan Williams,DI,PHI,1,57,43,43,,
Genard Avery,ED,PHI,17,49.8,387,339,,
Josh Sweat,ED,PHI,16,76.1,654,652,,
Harvey Langi,LB,NE,3,59.5,16,2,,
Cameron Malveaux,ED,PHI,4,51.5,81,81,,
Tarron Jackson,ED,PHI,18,66.3,268,268,,
Milton Williams,DI,PHI,18,49.6,495,494,,58.71818182
Marvin Wilson,DI,PHI,1,54.3,19,19,,
Marlon Tuipulotu,DI,PHI,5,29.2,55,55,,
Tyson Alualu,DI,PIT,2,59.7,57,57,,
Cameron Heyward,DI,PIT,18,90.8,1000,988,,
John Simon,ED,PIT,3,47.6,49,46,,
Taco Charlton,ED,PIT,12,62.3,221,204,,
T.J. Watt,ED,PIT,16,89.6,814,751,,
Chris Wormley,DI,PIT,16,69.3,769,769,,
Montravius Adams,DI,PIT,11,60.5,313,313,,
Oren Burks,LB,GB,18,53.7,211,66,,
Rashaan Evans,LB,TEN,12,44.5,445,11,,
Derrek Tuszka,ED,PIT,15,63.7,258,227,,
Alex Highsmith,ED,PIT,17,65.1,910,856,,64.71
Isaiahh Loudermilk,DI,PIT,16,44.9,309,309,,
Carlos Davis,DI,PIT,4,58.7,50,50,,
Henry Mondeaux,DI,PIT,16,42,256,255,,
Delontae Scott,ED,PIT,1,74.2,7,7,,
Isaiah Buggs,DI,PIT,10,59.1,227,226,,
Daniel Archibong,DI,PIT,2,49.6,13,13,,
Xavier Crawford,CB,CHI,5,46.3,140,1,,
Michael Ojemudia,CB,DEN,2,77.1,85,0,,
Nik Needham,CB,MIA,17,66.2,608,8,,
Anthony Averett,CB,BLT,14,56.3,807,3,,
Aaron Robinson,CB,NYG,9,62.2,268,1,,
Tre Herndon,CB,JAX,6,33.3,207,0,,
Isaiah Oliver,CB,ATL,4,72.6,161,2,,
A.J. Green III,CB,CLV,5,86.2,176,1,,
Jeremy Reaves,S,WAS,5,56.6,195,5,,
Josh Jackson,CB,KC,2,64.6,10,0,,
Juan Thornhill,S,KC,20,70.1,1038,33,,
Emmanuel Moseley,CB,SF,14,69.1,807,13,,
Jalen Davis,CB,CIN,8,69.3,56,2,,
Blessuan Austin,CB,SEA,4,51.2,149,0,,
Michael Jackson,CB,SEA,2,84.4,26,0,,
Sheldrick Redwine,S,MIA,3,27.2,34,1,,
Jace Whittaker,CB,ARZ,1,41,30,4,,
Grant Haley,CB,LA,1,64,7,0,,
Herb Miller,CB,CLV,2,37.2,9,0,,
Parry Nickerson,CB,MIN,1,55.7,17,1,,
Kareem Orr,CB,LA,1,28.1,40,0,,
Amani Oruwariye,CB,DET,14,59,937,9,,
Mike Ford,CB,DEN,3,35.4,13,0,,
Avonte Maddox,CB,PHI,17,71,780,14,,
Brandon Facyson,CB,LV,12,49.1,621,19,,
Carlos Dunlap,ED,SEA,17,72.1,482,474,,
Al Woods,DI,SEA,16,75.4,620,619,,
Benson Mayowa,ED,SEA,15,59.4,510,469,,
Austin Calitro,LB,CIN,1,49.5,20,1,,
Luke Gifford,LB,DAL,7,48.3,38,0,,
Hardy Nickerson,LB,HST,1,44.2,9,0,,
Josey Jewell,LB,DEN,2,83.5,82,2,,
Cody Barton,LB,SEA,9,59.7,190,9,,
Ulysees Gilbert,LB,PIT,4,60.8,46,1,,
Jordyn Brooks,LB,SEA,17,58.4,1109,193,,
Micah Kiser,LB,DEN,6,78.7,98,2,,
Roquan Smith,LB,CHI,17,47.8,1010,17,,
Emmanuel Ellerbee,LB,ATL,2,61.7,9,0,,
Andre Smith,LB,BUF,2,43.5,5,0,,
Tremaine Edmunds,LB,BUF,17,48.5,995,28,,
Robert Spillane,LB,PIT,13,46.3,381,20,,
Leighton Vander Esch,LB,DAL,18,60.8,717,63,,
Bobby Okereke,LB,IND,17,58.5,1072,33,,
Travin Howard,LB,LA,8,82.6,214,0,,
Ja'Whaun Bentley,LB,NE,17,65.1,711,16,,
Frankie Luvu,LB,CAR,16,84.8,249,108,,
Kenny Young,LB,DEN,13,50.6,645,23,,
Tyrel Dodson,LB,BUF,7,58.8,82,3,,
Shaquille Quarterman,LB,JAX,10,62.9,144,0,,
Jahlani Tavai,LB,NE,10,38.7,62,7,,
Jalen Elliott,S,DET,3,56.7,92,0,,
Julian Love,S,NYG,17,55.4,612,43,,
Brandon Rusnak,S,JAX,2,51.2,11,0,,
Ben Niemann,LB,KC,20,49.5,611,72,,
A.J. Moore,S,HST,6,29,44,2,,
Taylor Rapp,S,LA,18,64.5,1140,20,,
P.J. Locke,S,DEN,7,55.2,27,2,,
Andre Chachere,S,PHI,5,35,118,0,,
Minkah Fitzpatrick,S,PIT,17,57.2,1148,9,,
Steven Parker,S,NYG,3,52.1,24,0,,
Joel Iyiegbuniwe,LB,CHI,1,60,1,0,,
Fred Warner,LB,SF,19,80.1,1170,29,,
Armani Watts,S,KC,6,72.9,77,1,,
Tracy Walker III,S,DET,15,63.8,881,24,,
Ben DeLuca,S,LAC,1,60.3,1,0,,
Drue Tranquill,LB,LAC,14,64.6,560,33,,
Mike Edwards,S,TB,16,63.9,600,21,,
Kristian Welch,LB,BLT,7,66.7,33,0,,
Khari Willis,S,IND,11,60.3,564,51,,
Sean Chandler,S,CAR,15,60.7,538,9,,
Terrell Edmunds,S,PIT,18,58,1209,45,,
Will Harris,S,DET,17,42.6,1011,34,,
Derwin James Jr.,S,LAC,15,78.1,961,41,,
Amani Hooker,S,TEN,13,85.9,770,6,,
Marcus Epps,S,PHI,17,74.6,537,9,,
Trayvon Henderson,S,CIN,1,36.8,57,3,,
Roderic Teamer,S,LV,7,55.1,257,17,,
Marcell Harris,LB,SF,14,47.7,336,20,,
Jaylinn Hawkins,S,ATL,14,58.8,462,17,,
Jaquan Johnson,S,BUF,9,67.9,114,8,,
Chase Hansen,LB,NO,1,60.5,1,0,,
Kerry Hyder Jr.,ED,SEA,15,57.4,508,508,,
Dorian O'Daniel,LB,KC,5,83,28,3,,
J.T. Gray,S,NO,9,68,41,8,,
Dre Greenlaw,LB,SF,6,69.2,248,5,,
Kenny Moore II,CB,IND,17,66.6,1062,34,,
Robert Nkemdiche,DI,SEA,9,49.8,230,230,,
Isaiah Dunn,CB,NYJ,6,54.8,115,1,,
Paulson Adebo,CB,NO,17,60.3,851,0,,
Anthony Chesley,CB,IND,4,68,86,5,,
Myles Adams,DI,SEA,2,64.5,33,33,,
D.J. Montgomery,WR,NYJ,1,60,1,0,,
Darrell Taylor,ED,SEA,16,57.6,545,539,,
Bryan Mone,DI,SEA,14,48.9,395,395,,
Darrick Forrest,S,WAS,2,66.1,26,0,,
Gabe Davis,WR,BUF,1,60,1,0,,
Harrison Hand,CB,MIN,2,62.2,2,0,,
A.J. Terrell,CB,ATL,16,82.6,1023,5,,
Marco Wilson,CB,ARZ,15,48.6,799,0,,
CJ Henderson,CB,CAR,12,50.7,390,1,,
Lonnie Johnson Jr.,S,HST,12,31.7,542,10,,
Amik Robertson,CB,LV,6,37.2,137,12,,
Kary Vincent Jr.,CB,PHI,1,42.3,29,0,,
DeeJay Dallas,HB,SEA,1,59.9,1,0,,
Josiah Scott,CB,PHI,3,58.5,90,0,,
Shaun Wade,CB,NE,2,63.6,11,0,,
Jeff Okudah,CB,DET,1,53,48,0,,
Tre Norwood,S,PIT,18,50.4,402,4,,
Tre Brown,CB,SEA,5,61.1,255,3,,
Thomas Graham Jr.,CB,CHI,4,84.5,112,1,,
Deommodore Lenoir,CB,SF,7,57.1,238,3,,
Darious Williams,CB,LA,18,61.8,1164,4,,
Xavier McKinney,S,NYG,17,75.4,1134,29,,
Kamren Curl,S,WAS,16,69.4,878,63,,
Hamsah Nasirildeen,LB,NYJ,4,27.5,60,12,,
Richard LeCounte III,S,CLV,4,63.5,76,0,,
Eric Stokes,CB,GB,17,65.5,988,2,,
Grant Stuard,LB,TB,3,67.7,26,2,,
Nate Hobbs,CB,LV,16,80.1,894,15,,
Geno Stone,S,BLT,10,61.4,219,13,,
A.J. Parker,CB,DET,13,48.3,556,31,,
Ambry Thomas,CB,SF,11,54.2,483,3,,
Benjamin St-Juste,CB,WAS,7,53.6,318,4,,
Kemon Hall,CB,LAC,8,62.2,22,1,,
Jason Pinnock,S,NYJ,8,70.4,202,2,,
Keisean Nixon,CB,LV,5,77.4,81,1,,
Ifeatu Melifonwu,CB,DET,7,61.7,242,0,,
Darnay Holmes,CB,NYG,11,55.8,282,8,,
Jaylon Johnson,CB,CHI,15,64.2,933,37,,
Javelin Guidry,CB,NYJ,17,55.9,487,15,,
Marquise Blair,CB,SEA,6,53.8,119,4,,
Keith Taylor Jr.,CB,CAR,16,54.3,448,1,,
Elijah Molden,CB,TEN,16,62,671,13,,
Rasheem Green,ED,SEA,17,50.2,847,844,,
L.J. Collier,DI,SEA,10,47.1,219,219,,
Poona Ford,DI,SEA,17,73,802,802,,59.52363636
Alton Robinson,ED,SEA,16,51.8,371,369,,
Dee Ford,ED,SF,6,52.9,106,104,,
Arik Armstead,DI,SF,20,76,979,966,,
Jordan Willis,ED,SF,13,67.1,218,216,,
Patrick Johnson,LB,PHI,10,66.4,112,73,,
Samson Ebukam,ED,SF,20,67,681,667,,
D.J. Jones,DI,SF,20,73.7,654,653,,
Kevin Givens,DI,SF,16,57.6,290,289,,
Maurice Hurst,DI,SF,2,71,41,41,,
Nick Bosa,ED,SF,20,89.4,975,963,,
Kentavius Street,DI,SF,20,41.4,407,405,,
Arden Key,ED,SF,20,68.1,434,427,,
Charles Omenihu,ED,SF,18,66.6,416,415,,67.66363636
Javon Kinlaw,DI,SF,4,50.4,149,149,,
Steve McLendon,DI,TB,14,65.9,296,295,,
Ndamukong Suh,DI,TB,19,52.4,798,794,,
Jason Pierre-Paul,ED,TB,14,45.3,699,680,,
William Gholston,DI,TB,19,59.2,549,548,,
Shaquil Barrett,ED,TB,17,81,861,839,,
Rakeem Nunez-Roches,DI,TB,18,65.3,477,476,,
Patrick O'Connor,DI,TB,8,60.1,46,44,,
Cam Gill,ED,TB,10,34.6,109,109,,
Anthony Nelson,ED,TB,19,69.3,399,390,,
Vita Vea,DI,TB,18,74.4,670,670,,
Benning Potoa'e,DI,TB,1,57,9,9,,
Joe Tryon-Shoyinka,ED,TB,19,50.5,608,571,,59.00909091
Caraun Reid,DI,TEN,1,43.8,12,12,,
Denico Autry,ED,TEN,18,69.7,755,755,,
K.J. Britt,LB,TB,3,53.2,28,0,,
Isaiah McDuffie,LB,GB,1,60,1,0,,
Mykal Walker,LB,ATL,16,71.3,194,52,,
Monty Rice,LB,TEN,6,56.1,179,0,,
Del'Shawn Phillips,LB,NYJ,13,38.1,161,33,,
Jamin Davis,LB,WAS,16,46.8,581,63,,
Patrick Queen,LB,BLT,17,43.5,826,47,,
Jacob Phillips,LB,CLV,4,62.4,123,2,,
Bud Dupree,ED,TEN,12,53.3,440,439,,
Willie Gay,LB,KC,15,66.5,554,104,,
Jeremiah Owusu-Koramoah,LB,CLV,14,76.5,597,58,,
Pete Werner,LB,NO,14,79.9,394,39,,
Baron Browning,LB,DEN,10,54.9,528,6,,
Kenneth Murray Jr.,LB,LAC,11,34,363,113,,
Derrick Barnes,LB,DET,16,30.1,448,12,,
Buddy Johnson,LB,PIT,1,38.6,6,0,,
Kyle Peko,DI,TEN,9,60.4,168,168,,
Derick Roberson,ED,TEN,5,80.7,86,86,,
Michael Carter II,CB,NYJ,15,53.7,777,17,,
James Pierre,CB,PIT,12,58.1,415,3,,
Grant Delpit,S,CLV,15,63.3,599,18,,
Tyree Gillespie,S,LV,3,72.5,13,1,,
Darren Hall,CB,ATL,11,46.3,283,0,,
Garret Wallow,LB,HST,10,33.9,180,13,,
Kenny Robinson,S,CAR,7,60.2,182,4,,
Noah Gray,TE,KC,1,60,1,0,,
Noah Igbinoghene,CB,MIA,3,52.2,78,0,,
Amari Rodgers,WR,GB,1,70.2,1,0,,
Mark Webb Jr.,S,LAC,2,51.4,6,0,,
JaCoby Stevens,LB,PHI,1,24.1,44,0,,
Donovan Peoples-Jones,WR,CLV,1,60,1,0,,
Jaelon Darden,WR,TB,1,60,1,0,,
CeeDee Lamb,WR,DAL,1,70.2,1,0,,
Tylan Wallace,WR,BLT,1,60,1,0,,
Caleb Farley,CB,TEN,3,45.7,60,0,,
Christian Elliss,LB,PHI,1,73.3,7,0,,
Rashad Weaver,ED,TEN,2,43.5,12,12,,
Rondale Moore,WR,ARZ,1,70.2,1,0,,
Amani Bledsoe,ED,TEN,5,56.6,88,88,,
Michael Joseph,S,CHI,1,59.9,3,0,,
Jeffery Simmons,DI,TEN,18,72,991,989,,
Naquan Jones,DI,TEN,14,46.5,356,356,,
Jonathan Owens,S,HST,5,73.1,168,2,,
Tavierre Thomas,CB,HST,15,77.6,639,17,,
Asante Samuel Jr.,CB,LAC,12,56.4,693,1,,
Andre Cisco,S,JAX,11,67.9,247,19,,
Trill Williams,CB,MIA,1,63.3,4,0,,
Chris Claybrooks,CB,JAX,9,48.4,199,2,,
Caden Sterns,S,DEN,14,59.2,311,0,,
Da'Shawn Hand,DI,TEN,4,61.8,93,93,,
Harold Landry III,ED,TEN,18,63.3,1043,942,,57.9
Kevin Strong,DI,TEN,7,56.1,77,77,,
Zaven Collins,LB,ARZ,14,66.5,228,45,,
Tre'von Moehrig,S,LV,18,71,1214,0,,
Ar'Darius Washington,CB,BLT,3,63.7,7,0,,
Mac McCain III,CB,PHI,1,67.9,11,0,,
Nick Bolton,LB,KC,19,72.5,732,40,,
Micah Parsons,LB,DAL,17,89.7,960,390,,
Ernest Jones,LB,LA,13,61.4,519,30,,
Olasunkanmi Adeniyi,ED,TEN,15,62.9,216,214,,
Davion Taylor,LB,PHI,9,38.6,250,4,,
Larrell Murchison,DI,TEN,11,59.5,200,200,,
Teair Tart,DI,TEN,11,59.2,344,344,,
Akeem Spence,DI,WAS,1,59.7,5,5,,
Nate Orchard,ED,WAS,1,60,1,1,,
Matt Ioannidis,DI,WAS,16,65.4,608,607,,
Jonathan Allen,DI,WAS,17,84.9,772,771,,
Montez Sweat,ED,WAS,10,75.6,483,482,,
Casey Toohill,ED,WAS,16,49.1,361,356,,
Shaka Toney,ED,WAS,10,49.9,117,115,,
Jerry Jacobs,CB,DET,11,65.8,535,9,,
Kelvin Joseph,CB,DAL,6,71.2,165,0,,
Rachad Wildgoose,CB,NYJ,2,64.8,2,0,,
Pat Surtain II,CB,DEN,16,66.1,900,1,,
Jamien Sherwood,LB,NYJ,5,59.7,139,25,,
Tyson Campbell,CB,JAX,15,62.7,864,9,,
Greg Newsome II,CB,CLV,12,68.1,691,5,,
Jaycee Horn,CB,CAR,3,67.8,142,0,,
Israel Mukuamu,S,DAL,2,64,20,1,,
Jevon Holland,S,MIA,16,84.7,893,83,,
Talanoa Hufanga,S,SF,16,63.7,399,20,,
Brandon Aiyuk,WR,SF,1,59.9,1,0,,
Will Bradley-King,ED,WAS,3,40.4,59,59,,
Olubunmi Rotimi,ED,WAS,9,47,204,202,,
James Smith-Williams,ED,WAS,14,56.9,388,386,,
Kyle Dugger,S,NE,16,69.7,779,63,,
Bobby Price,CB,DET,9,52,152,0,,
Tevaughn Campbell,CB,LAC,16,56.9,678,5,,
Ashton Dulin,WR,IND,1,62.1,1,0,,
E.J. Speed,LB,IND,14,51.5,146,14,,
Daron Payne,DI,WAS,17,63.9,837,836,,62.45384615
Anthony Pittman,LB,DET,5,36.5,76,14,,
Jody Fortson,TE,KC,1,59.9,1,0,,
Gunner Olszewski,WR,NE,1,70.2,1,0,,
Brandin Echols,CB,NYJ,14,45,762,7,,
Nahshon Wright,CB,DAL,5,45.7,92,0,,
Daniel Wise,ED,WAS,6,59.6,139,139,,
Jarren Williams,CB,NYG,5,71.1,194,2,,
Tim Settle,DI,WAS,16,70.1,210,209,,
Chase Young,ED,WAS,9,75.1,477,473,,
