player,player_id,position,team_name,player_game_count,grades_offense,grades_pass_block,grades_run_block,,Team Avg
Paris Johnson Jr.,129749,T,ARZ,17,60.1,64.2,55.1,,
Hjalte Froholdt,44959,C,ARZ,17,64.1,61.1,67.4,,
Will Hernandez,46180,G,ARZ,17,66.2,70.2,60.6,,
D.J. Humphries,9457,T,ARZ,15,62.5,68.4,56.5,,63.225
Matthew Bergeron,99658,G,ATL,17,59.1,57.1,59.6,,
Chris Lindstrom,46692,G,ATL,16,87.6,78.6,87.5,,
Jake Matthews,8641,T,ATL,17,71.2,80.1,60.2,,
Drew Dalman,52270,C,ATL,14,82.3,53,90,,
Kaleb McGary,46912,T,ATL,14,75.5,69.5,76.5,,75.14
John Simpson,41715,G,BLT,19,56.3,59.2,57.2,,
Kevin Zeitler,7032,G,BLT,17,71.6,82.3,62.4,,
Tyler Linderbaum,82291,C,BLT,17,78.5,78.3,78.6,,
Morgan Moses,8701,T,BLT,16,80.4,77,80.3,,
Ronnie Stanley,10640,T,BLT,15,68.1,75.9,63,,70.98
O'Cyrus Torrence,102821,G,BUF,19,54.9,48.2,58.1,,
Spencer Brown,42296,T,BUF,19,70.1,66.5,73.3,,
Connor McGovern,41714,G,BUF,19,55.4,73.8,44.5,,
Mitch Morse,9482,C,BUF,19,63.9,72.5,61.5,,
Dion Dawkins,11818,T,BUF,19,74.9,77.4,66.9,,63.84
Ikem Ekwonu,98286,T,CAR,17,67.4,62.3,77,,
Bradley Bozeman,27934,C,CAR,17,62.2,48.9,67.5,,
Taylor Moton,11819,T,CAR,17,74.6,78.1,65.6,,68.06666667
Darnell Wright,98480,T,CHI,17,62.4,61.4,66,,
Lucas Patrick,11435,C,CHI,16,50.5,40.6,61.6,,
Cody Whitehair,10690,G,CHI,14,45,55,42.4,,
Teven Jenkins,41534,G,CHI,12,72.6,68.6,71.7,,
Braxton Jones,60092,T,CHI,11,68.8,70.8,68.2,,
Nate Davis,46808,G,CHI,11,52.9,47.9,55.3,,58.7
Jonah Williams,41651,T,CIN,17,58.5,57.9,54,,
Cordell Volson,30614,G,CIN,17,58.3,46.7,64,,
Ted Karras,10855,C,CIN,17,67.4,69.6,64.2,,
Alex Cappa,66578,G,CIN,17,64.9,58.6,67.3,,
Orlando Brown Jr.,46227,T,CIN,17,66.1,66.6,57.1,,63.04
Wyatt Teller,46131,G,CLV,17,72.7,67.3,74,,
Joel Bitonio,8670,G,CLV,16,67.9,71,60.8,,
Ethan Pocic,11813,C,CLV,16,70.8,72.9,68,,
Dawand Jones,101550,T,CLV,11,64.7,73,53.5,,
Geron Christian,46375,T,CLV,11,45.6,55,37.2,,
James Hudson III,59854,T,CLV,16,44.7,48.4,50.7,,61.06666667
Terence Steele,39461,T,DAL,18,52.3,48.9,56.5,,
Tyler Biadasz,41178,C,DAL,17,69.2,64.6,68.3,,
Tyler Smith,98385,G,DAL,15,74.4,70.2,80.7,,
Zack Martin,8651,G,DAL,16,68,75.1,62.3,,
Tyron Smith,6161,T,DAL,14,83.7,89.3,68.4,,69.52
Garett Bolles,11775,T,DEN,17,75.9,83.8,64.3,,
Lloyd Cushenberry III,41924,C,DEN,17,73.2,76.4,72.4,,
Ben Powers,41482,G,DEN,17,61.5,62.1,59.7,,
Quinn Meinerz,112915,G,DEN,17,83.7,67.8,88.7,,
Mike McGlinchey,46275,T,DEN,16,67.5,63.5,74.8,,72.36
Penei Sewell,81788,T,DET,20,92.8,79.2,95.1,,
Graham Glasgow,10729,G,DET,19,74.9,54.8,82.1,,
Taylor Decker,10650,T,DET,18,81.1,79.4,73.9,,
Frank Ragnow,39137,C,DET,18,88.8,70.3,91.3,,
Jonah Jackson,37070,G,DET,14,61,60.7,60.3,,79.72
Josh Myers,59992,C,GB,19,54.7,55.7,53.2,,
Zach Tom,55443,T,GB,19,79.7,72.3,81.2,,
Elgton Jenkins,46298,G,GB,17,63.8,78.3,56.4,,
Jon Runyan,36661,G,GB,19,56.5,62.4,53.2,,
Rasheed Walker,81798,T,GB,19,66.3,74.7,56.3,,64.2
Shaq Mason,9564,G,HST,19,65.6,64.7,65.8,,
George Fant,11282,T,HST,17,61.8,68.7,51.9,,
Laremy Tunsil,10647,T,HST,16,75.5,84.9,66.7,,
Michael Deiter,38554,C,HST,14,56.3,59.4,55.2,,64.8
Quenton Nelson,12954,G,IND,17,70.8,80.3,63.4,,
Will Fries,41530,G,IND,17,61.2,65.4,59.7,,
Bernhard Raimann,77948,T,IND,15,82.7,81.3,74.6,,
Ryan Kelly,10652,C,IND,14,77.2,78.3,75.2,,
Blake Freeland,102844,T,IND,14,44.2,42.6,47.6,,67.22
Luke Fortner,42028,C,JAX,17,44.3,54.9,40,,
Anton Harrison,122929,T,JAX,17,53,60.7,45.8,,
Brandon Scherff,9438,G,JAX,17,67.3,78.7,61.1,,
Ezra Cleveland,41973,G,JAX,13,59.5,57.4,60.4,,
Walker Little,52287,T,JAX,12,58.8,62.6,53.8,,56.58
Creed Humphrey,59996,C,KC,21,81.4,74.3,84.1,,
Trey Smith,62960,G,KC,21,74.6,68.1,76.2,,
Jawaan Taylor,41665,T,KC,21,49.8,64.6,42.6,,
Joe Thuney,10712,G,KC,19,74.9,84.5,65.8,,
Donovan Smith,9467,T,KC,16,57.8,62.2,48,,67.7
Steve Avila,77319,G,LA,18,60.5,65,56,,
Coleman Shelton,39316,C,LA,18,66.1,49.2,74.6,,
Alaric Jackson,40972,T,LA,16,66.6,68.3,59.5,,
Kevin Dotson,46735,G,LA,15,84.4,66.8,88.4,,
Rob Havenstein,9490,T,LA,15,79.8,66.9,85.6,,71.48
Rashawn Slater,59971,T,LAC,17,76.6,84.7,59.5,,
Jamaree Salyer,81656,G,LAC,17,54.2,61.2,49.4,,
Trey Pipkins III,91462,T,LAC,17,62.8,67.3,50.3,,
Zion Johnson,99681,G,LAC,15,57.6,58.8,57.2,,
Will Clapp,39386,C,LAC,14,56.7,55.1,56.9,,61.58
Dylan Parham,60953,G,LV,17,60.4,61.8,57.6,,
Greg Van Roten,7746,G,LV,17,75.3,77.4,68.5,,
Andre James,47058,C,LV,16,74.6,71.2,75,,
Jermaine Eluemunor,11914,T,LV,17,68.7,64.7,71.5,,
Kolton Miller,47013,T,LV,13,80.2,79.3,73.3,,71.84
Austin Jackson,60816,T,MIA,17,66.9,62.3,69.5,,
Liam Eichenberg,41851,C,MIA,17,45.2,43.2,49.1,,
Lester Cotton,46085,G,MIA,11,46.4,57.2,45.4,,
Kendall Lamm,10017,T,MIA,13,64.3,67.1,55.3,,
Robert Hunt,46139,G,MIA,11,76.4,74.4,74.7,,59.84
Christian Darrisaw,77373,T,MIN,15,82.4,85.3,73.9,,
Ed Ingram,59819,G,MIN,15,59.5,60.9,59.1,,
Brian O'Neill,46854,T,MIN,14,74.5,73.4,71.7,,
Garrett Bradbury,46013,C,MIN,14,60.9,56.8,65.5,,
Dalton Risner,47008,G,MIN,12,57.1,67.4,50,,66.88
David Andrews,9948,C,NE,17,71.2,51.2,78,,
Mike Onwenu,27357,T,NE,15,71.5,68,72.2,,
Sidy Sow,59675,G,NE,13,64.4,46.3,71.3,,69.03333333
Erik McCoy,37347,C,NO,17,79.4,59.3,89.4,,
Cesar Ruiz,59857,G,NO,16,51.2,58.3,46.3,,
James Hurst,9001,G,NO,15,58.7,58.9,56.9,,
Andrus Peat,9446,T,NO,14,60.2,54.5,62.1,,
Ryan Ramczyk,11787,T,NO,12,73.5,73.6,67.3,,64.6
Ben Bredeson,27305,G,NYG,16,42.1,42.4,41.4,,
Justin Pugh,7800,G,NYG,12,41.6,37.8,47.3,,
John Michael Schmitz Jr.,55238,C,NYG,13,41.4,26.9,51.3,,41.7
Laken Tomlinson,9461,G,NYJ,17,55,60.6,49.6,,
Mekhi Becton,59818,T,NYJ,16,53.2,60.7,56.3,,
Joe Tippmann,101568,C,NYJ,14,61,52.7,67.4,,56.4
Jordan Mailata,66916,T,PHI,18,84.8,84.5,83.9,,
Jason Kelce,6343,C,PHI,18,78.6,70.9,84.3,,
Landon Dickerson,41712,G,PHI,17,69.4,76.9,66.9,,
Lane Johnson,7786,T,PHI,17,80.1,80,75.8,,
Cam Jurgens,84014,G,PHI,12,61.4,51.6,64.8,,74.86
Mason Cole,45547,C,PIT,18,53.2,32.4,63.3,,
Isaac Seumalo,10713,G,PIT,18,73.9,66.4,73.1,,
Dan Moore Jr.,60120,T,PIT,17,54.4,42.1,60.5,,
James Daniels,45576,G,PIT,16,61.1,60.5,58.6,,
Broderick Jones,124025,T,PIT,15,57.3,47.6,61.2,,59.98
Evan Brown,38709,C,SEA,16,55.5,59.1,57.2,,
Damien Lewis,81532,G,SEA,16,59.6,63,57.9,,
Charles Cross,98401,T,SEA,14,67.6,69.7,58.3,,
Anthony Bradford,99103,G,SEA,12,51.7,38.9,58.5,,58.6
Colton McKivitz,29314,T,SF,20,65.2,58.3,66.3,,
Jake Brendel,11117,C,SF,20,66.3,45.3,72.6,,
Aaron Banks,59983,G,SF,17,52.8,50.2,55.8,,
Trent Williams,5529,T,SF,18,92.5,84.3,92.5,,
Spencer Burford,81920,G,SF,16,50.3,26.7,62.9,,
Jon Feliciano,9561,G,SF,13,79.8,63.5,85.6,,67.81666667
Cody Mauch,66637,G,TB,19,43.9,52.1,37.6,,
Robert Hainsey,59980,C,TB,19,50.2,57.3,50.3,,
Luke Goedeke,77548,T,TB,19,73.4,72.5,70,,
Tristan Wirfs,64818,T,TB,19,83.5,86.1,73.8,,
Aaron Stinnie,28653,G,TB,14,56.5,53.7,58.9,,61.5
Aaron Brewer,46014,C,TEN,17,71.6,52.5,78.7,,
Peter Skoronski,129737,G,TEN,14,61.6,63.5,58.6,,
Dillon Radunz,30551,T,TEN,13,67.2,59.7,78.7,,
Daniel Brunskill,34807,G,TEN,14,67.1,67.7,62.5,,66.875
Sam Cosmi,60114,G,WAS,17,80.6,74,80.9,,
Andrew Wylie,12333,T,WAS,15,69.2,67.5,66.1,,
Charles Leno Jr.,8880,T,WAS,13,72.5,77.8,62,,
Saahdiq Charles,59820,G,WAS,11,55.5,53.9,55.4,,
Nick Gates,29476,C,WAS,12,66.1,61.4,70.9,,68.78
,,,,,,,,,
,,,,,,,,,
,,,,,,,,,
,,,,,,,,,
,,,,,,,,,
,,,,,,,,,
,,,,,,,,,
,,,,,,,,,
,,,,,,,,,
,,,,,,,,,
,,,,,,,,,
Jared Goff,10635,QB,DET,20,85.7,,60.3,,
,,,,,,,,,
,,,,,,,,,
,,,,,,,,,
Sam LaPorta,101690,TE,DET,20,77,59.9,53.9,,
,,,,,,,,,
,,,,,,,,,
,,,,,,,,,
,,,,,,,,,
,,,,,,,,,
,,,,,,,,,
Cade Otton,61071,TE,TB,19,56.8,47.4,51.7,,
George Kittle,11901,TE,SF,19,87.7,70.6,81.1,,
,,,,,,,,,
,,,,,,,,,
,,,,,,,,,
,,,,,,,,,
Amon-Ra St. Brown,84470,WR,DET,19,91.2,39.2,70.1,,
,,,,,,,,,
,,,,,,,,,
Brock Purdy,77672,QB,SF,19,87.4,,60,,
,,,,,,,,,
,,,,,,,,,
Alec Pierce,78038,WR,IND,17,58.1,66.3,66.1,,
Jordan Love,40306,QB,GB,19,83.6,62.2,60,,
,,,,,,,,,
,,,,,,,,,
,,,,,,,,,
,,,,,,,,,
DeVonta Smith,61100,WR,PHI,17,75.4,,45.1,,
David Njoku,11784,TE,CLV,17,68.2,67.5,54.4,,
Cole Kmet,60995,TE,CHI,17,73.7,64.3,54.9,,
Baker Mayfield,46518,QB,TB,19,77.2,,60,,
Josh Allen,46601,QB,BUF,19,92.1,,60,,
,,,,,,,,,
,,,,,,,,,
A.J. Brown,48327,WR,PHI,17,90,80.3,51,,
,,,,,,,,,
,,,,,,,,,
Matthew Stafford,4924,QB,LA,16,88.2,,60.1,,
DJ Moore,48267,WR,CHI,17,89.3,,64.1,,
Patrick Mahomes,11765,QB,KC,20,90.5,60.9,60.9,,
Tua Tagovailoa,60326,QB,MIA,18,86.9,,60,,
,,,,,,,,,
Brandon Aiyuk,84109,WR,SF,19,91.5,66.8,72.9,,
Tyler Higbee,10744,TE,LA,16,57.6,67.6,54.2,,
Dak Prescott,10769,QB,DAL,18,90,,60.2,,
Bryce Young,123943,QB,CAR,16,56,,60,,
Josh Reynolds,11872,WR,DET,20,70.1,61.6,70.3,,
Daniel Bellinger,84041,TE,NYG,17,49.1,45.4,56.9,,
Lamar Jackson,46416,QB,BLT,18,90.4,,60.2,,
,,,,,,,,,
Durham Smythe,47257,TE,MIA,17,53.7,61.2,50.2,,
Foster Moreau,47043,TE,NO,15,55.3,52.3,51,,
Michael Pittman Jr.,29049,WR,IND,16,77.7,75.1,53.3,,
,,,,,,,,,
Puka Nacua,100632,WR,LA,18,90.2,72,78.1,,
C.J. Stroud,129759,QB,HST,17,83.1,61.3,60.2,,
Gardner Minshew,41401,QB,IND,16,62,,60.3,,
Darnell Washington,124044,TE,PIT,18,47.4,66.7,53.2,,
Adam Trautman,109795,TE,DEN,17,53.2,62.1,60.1,,
,,,,,,,,,
Zay Flowers,97268,WR,BLT,18,76.3,,63,,
Trevon Wesco,42018,TE,TEN,15,49.8,61.2,56.3,,
,,,,,,,,,
Patrick Ricard,48862,FB,BLT,19,58.9,62.8,64.1,,
Gabe Davis,55410,WR,BUF,17,67.9,65.3,49.8,,
,,,,,,,,,
Tucker Kraft,104034,TE,GB,19,60.4,70.3,48.7,,
,,,,,,,,,
Stefon Diggs,9579,WR,BUF,19,79.1,,59.2,,
Adam Thielen,8288,WR,CAR,17,72.7,46.5,42.9,,
George Pickens,99229,WR,PIT,18,74.1,,61.8,,
,,,,,,,,,
Dallas Goedert,47272,TE,PHI,15,71,79.7,73.4,,
Davante Adams,8688,WR,LV,17,79.1,,49.4,,
Allen Robinson II,8696,WR,PIT,18,52.8,61.3,57.8,,
Romeo Doubs,84329,WR,GB,19,73.6,,55.4,,
Jalen Hurts,40291,QB,PHI,18,86.7,,60,,
Drake London,86519,WR,ATL,16,78.9,,56.7,,
Trey McBride,75916,TE,ARZ,17,76.3,55.1,62.3,,
Desmond Ridder,55086,QB,ATL,15,51.9,61.3,60.3,,
Derek Carr,8671,QB,NO,17,77.2,,61,,
Noah Gray,60878,TE,KC,21,62.9,47.6,56.6,,
,,,,,,,,,
Jake Ferguson,61081,TE,DAL,18,74.5,73.1,59.6,,
,,,,,,,,,
Jakobi Meyers,47468,WR,LV,16,69.9,71.8,36.7,,
Jonathan Mingo,97774,WR,CAR,15,54.7,76.4,70.6,,
Trevor Lawrence,77632,QB,JAX,16,79.7,60.9,61.1,,
MyCole Pruitt,9576,TE,ATL,17,59.4,64.2,46.8,,
Kyle Juszczyk,7912,FB,SF,20,56,74.8,56.6,,
,,,,,,,,,
Russell Wilson,7077,QB,DEN,15,77.5,,60,,
Amari Cooper,9437,WR,CLV,16,79.9,68.1,57.8,,
,,,,,,,,,
CeeDee Lamb,61570,WR,DAL,18,90.9,,54.3,,
Michael Mayer,122906,TE,LV,14,58.3,51.9,47.6,,
,,,,,,,,,
Brock Wright,60994,TE,DET,16,48,64,45.9,,
Dalton Schultz,47304,TE,HST,17,71.5,61.1,59.7,,
Darius Slayton,25578,WR,NYG,17,67.5,68.1,46.3,,
Josh Oliver,47083,TE,MIN,17,75.1,57.6,73.9,,
Chris Godwin,11839,WR,TB,19,77.5,73.3,53.9,,
Travis Kelce,7844,TE,KC,19,82.6,77.9,46.9,,
Elijah Moore,84302,WR,CLV,18,58.9,0,42.3,,
Mike Evans,8642,WR,TB,19,81.5,,41.4,,
,,,,,,,,,
Jack Stoll,42058,TE,PHI,18,50.8,51.2,63.6,,
Cooper Kupp,11824,WR,LA,13,71.5,69.5,67.5,,
,,,,,,,,,
Drew Sample,47259,TE,CIN,17,60,68.1,61.5,,
Deebo Samuel,48274,WR,SF,18,85.4,65.9,60.3,,
Chris Manhertz,10211,TE,DEN,16,56.5,73.1,58.5,,
,,,,,,,,,
Calvin Ridley,48262,WR,JAX,17,71.4,,50.2,,
Luke Farrell,42353,TE,JAX,17,58.1,67.6,49.6,,
Sam Howell,97599,QB,WAS,17,60.3,,60.1,,
,,,,,,,,,
Tommy Tremble,84025,TE,CAR,16,55.6,62,45.5,,
Geno Smith,7820,QB,SEA,15,82.9,,60.5,,
Khalil Shakir,84140,WR,BUF,19,76.7,69.9,56.6,,
Garrett Wilson,97405,WR,NYJ,17,72.9,,56.1,,
Marcedes Lewis,2973,TE,CHI,17,77.1,68.4,73.7,,
John Bates,42275,TE,WAS,17,51.8,79,60,,
Pharaoh Brown,12247,TE,NE,17,73.3,60.1,63.3,,
,,,,,,,,,
Joshua Dobbs,11890,QB,MIN,13,65.9,,60.6,,
Marquise Brown,61568,WR,ARZ,14,67.1,,48.3,,
Rashod Bateman,84296,WR,BLT,18,61,,60.5,,
Courtland Sutton,48164,WR,DEN,16,75.6,80.7,66.3,,
Jordan Addison,123000,WR,MIN,17,68.6,,45.9,,
Darnell Mooney,48236,WR,CHI,15,55.2,39.6,30.1,,
Austin Hooper,10715,TE,LV,17,58.2,81.5,50.6,,
Hunter Henry,10669,TE,NE,14,69.3,74.8,55.8,,
Rashee Rice,97605,WR,KC,20,84.9,71.7,59.8,,
Josh Downs,122832,WR,IND,17,70.3,,51.3,,
,,,,,,,,,
,,,,,,,,,
Tyler Conklin,47124,TE,NYJ,17,65.6,66.6,54,,
Alec Ingold,34934,FB,MIA,18,47.1,77.2,40.2,,
Mo Alie-Cox,12078,TE,IND,17,61.4,56.7,61,,
Chris Moore,10741,WR,TEN,17,64.9,73.6,54.9,,
Michael Wilson,84423,WR,ARZ,13,68.3,68.1,62.2,,
,,,,,,,,,
,,,,,,,,,
Terry McLaurin,48229,WR,WAS,17,75.1,,57.6,,
Justin Fields,82118,QB,CHI,13,74.6,,60.4,,
Cedrick Wilson Jr.,48170,WR,MIA,16,65.3,,56.2,,
Luke Schoonmaker,84005,TE,DAL,18,49.8,58.1,59.1,,
Chigoziem Okonkwo,84000,TE,TEN,17,62.1,63.9,57.9,,
Evan Engram,11778,TE,JAX,17,71.6,61.8,54.9,,
Nick Westbrook-Ikhine,47861,WR,TEN,14,59.4,79.6,44.6,,
Justin Herbert,28237,QB,LAC,13,85.5,,60.3,,
,,,,,,,,,
Jonnu Smith,11855,TE,ATL,17,59.1,75.4,43.7,,
Brandin Cooks,8655,WR,DAL,17,68.8,,43.6,,
,,,,,,,,,
Ja'Marr Chase,84270,WR,CIN,16,85.3,,45.1,,
Trent Sherfield,48021,WR,BUF,19,51.1,65.4,38.6,,
Kenny Pickett,60515,QB,PIT,12,70.6,,60,,
Dawson Knox,35883,TE,BUF,14,54.5,79.5,51.1,,
,,,,,,,,,
,,,,,,,,,
,,,,,,,,,
T.J. Hockenson,40912,TE,MIN,15,78.8,65.6,56.1,,
Colby Parkinson,52266,TE,SEA,17,57.4,69.5,64.1,,
Chris Olave,84355,WR,NO,16,82.5,,55.8,,
Harrison Bryant,26394,TE,CLV,18,57,80.2,49.6,,
,,,,,,,,,
DJ Chark Jr.,47702,WR,CAR,15,60,,49.5,,
,,,,,,,,,
Tutu Atwell,77965,WR,LA,17,68.3,,64.6,,
Nico Collins,61441,WR,HST,17,91.4,,74.5,,
,,,,,,,,,
D.K. Metcalf,47864,WR,SEA,16,80,,53.3,,
Charlie Woerner,42257,TE,SF,20,63.5,38.4,77.3,,
Donovan Peoples-Jones,61439,WR,DET,18,52.7,79.4,52.3,,
,,,,,,,,,
,,,,,,,,,
Kyle Pitts,83964,TE,ATL,17,68.1,77.6,31.2,,
Aidan O'Connell,60516,QB,LV,11,65.9,61.2,60.3,,
Dalton Kincaid,91791,TE,BUF,18,68.8,44.3,55.8,,
Tyler Lockett,9502,WR,SEA,17,78.1,,58.7,,
Trey Palmer,99248,WR,TB,19,53.3,,48.3,,
Juwan Johnson,28305,TE,NO,13,58.8,46.8,40.4,,
Jahan Dotson,84375,WR,WAS,17,57.7,66.1,41.8,,
Robert Woods,7822,WR,HST,16,60.7,39.3,52,,
Julian Hill,88685,TE,MIA,16,41.8,41.2,41.6,,
,,,,,,,,,
Jameson Williams,101701,WR,DET,15,62.9,61.8,47.8,,
Cedric Tillman,84434,WR,CLV,14,55.5,76.4,56.2,,
,,,,,,,,,
K.J. Osborn,23503,WR,MIN,16,53.9,73.6,51.7,,
Will Dissly,30762,TE,SEA,16,71.3,83.5,77.2,,
,,,,,,,,,
Nelson Agholor,9453,WR,BLT,19,61.6,36.3,59.6,,
Noah Fant,42388,TE,SEA,17,62.9,72.1,59.6,,
Geoff Swaim,9679,TE,ARZ,14,50.2,66.6,47.4,,
Quentin Johnston,123085,WR,LAC,17,58.9,,52.7,,
,,,,,,,,,
,,,,,,,,,
Van Jefferson,47447,WR,ATL,17,50.1,,46.5,,
Mac Jones,60323,QB,NE,11,52.2,,60.1,,
,,,,,,,,,
Gerald Everett,11799,TE,LAC,15,65.6,67.5,51.3,,
Andrew Beck,47121,FB,HST,17,50.7,63.6,54.2,,
Jaylen Waddle,84088,WR,MIA,15,90.3,,55.1,,
Keenan Allen,7857,WR,LAC,13,86.3,77.5,39.1,,
Isaiah Hodgins,52130,WR,NYG,17,56.4,73.8,50.6,,
Isaiah Likely,83955,TE,BLT,19,65.6,40.5,51.9,,
Brenton Strange,101694,TE,JAX,14,48.6,55.8,55,,
DeVante Parker,9447,WR,NE,13,61.2,,44.4,,
Rondale Moore,62890,WR,ARZ,17,53.6,,54,,
,,,,,,,,,
Blake Bell,9550,TE,KC,21,43,46.5,57.1,,
DeAndre Hopkins,7808,WR,TEN,17,81,62.3,54.5,,
,,,,,,,,,
,,,,,,,,,
Diontae Johnson,33441,WR,PIT,14,77.9,,58,,
Tyler Boyd,10689,WR,CIN,17,59.5,66.2,30.4,,
,,,,,,,,,
Zach Wilson,82096,QB,NYJ,12,58.2,,60.2,,
Wan'Dale Robinson,101735,WR,NYG,15,65.5,,42,,
Tyreek Hill,10799,WR,MIA,17,93.4,,55.6,,
,,,,,,,,,
,,,,,,,,,
,,,,,,,,,
,,,,,,,,,
Allen Lazard,48135,WR,NYJ,14,52.7,74.9,57.6,,
JuJu Smith-Schuster,11817,WR,NE,11,57,,52.1,,
,,,,,,,,,
,,,,,,,,,
Justin Watson,66915,WR,KC,20,61.7,66.3,56.7,,
Michael Gallup,26075,WR,DAL,18,63.4,,37.6,,
Will Levis,83542,QB,TEN,9,63.7,,60.8,,
Charlie Kolar,60917,TE,BLT,16,55.4,55.1,54.9,,
Andrew Ogletree,138351,TE,IND,12,66.2,80.1,63.1,,
Ryan Tannehill,7014,QB,TEN,9,68.7,60.9,60.7,,
Pat Freiermuth,84085,TE,PIT,13,65.8,77.5,54.4,,
,,,,,,,,,
Marquez Valdes-Scantling,47809,WR,KC,20,52.1,,49.5,,
,,,,,,,,,
Luke Musgrave,98499,TE,GB,13,68.1,45.7,59.3,,
Darren Waller,9637,TE,NYG,12,69.4,57.6,40.9,,
,,,,,,,,,
Jalen Tolbert,61637,WR,DAL,18,56.5,,42.2,,
,,,,,,,,,
Logan Thomas,8755,TE,WAS,16,57.1,73.9,60.2,,
,,,,,,,,,
Lil'Jordan Humphrey,42247,WR,DEN,17,60.4,46.2,65.5,,
Connor Heyward,57301,TE,PIT,18,55.5,72.1,56.2,,
Kylen Granson,40630,TE,IND,15,56.8,63.8,48.2,,
Donald Parham Jr.,91014,TE,LAC,14,59.7,78.3,45.4,,
Lynn Bowden,61361,WR,NO,15,50.3,65.6,57.8,,
Dontayvion Wicks,99711,WR,GB,17,77.8,,66.1,,
Christian Watson,66581,WR,GB,11,68.2,65.5,50,,
Jayden Reed,78171,WR,GB,18,73.3,62.4,46.1,,
Skyy Moore,97116,WR,KC,14,54.8,,53.6,,
,,,,,,,,,
Kyler Murray,38334,QB,ARZ,8,70.8,,60.2,,
KhaDarel Hodge,26104,WR,ATL,17,62.4,68.1,50.5,,
Mike Gesicki,47153,TE,NE,17,55.7,78.7,35.1,,
Christian Kirk,47546,WR,JAX,12,71.1,75.7,35.8,,
Mack Hollins,11873,WR,ATL,13,64.6,66.1,61,,
Mark Andrews,47436,TE,BLT,11,78.8,71,58.8,,
,,,,,,,,,
Demarcus Robinson,10760,WR,LA,14,70,,71.8,,
,,,,,,,,,
Ko Kieft,41372,TE,TB,18,53.9,68.2,60.9,,
Jeremy Ruckert,84029,TE,NYJ,15,57.5,36.3,55,,
,,,,,,,,,
Jerry Jeudy,61103,WR,DEN,16,67.8,,46.1,,
Jaxon Smith-Njigba,129758,WR,SEA,17,63.3,65.4,46.4,,
Tyler Scott,123578,WR,CHI,17,52.7,80.6,45.8,,
Joe Burrow,28022,QB,CIN,10,77.9,,60,,
,,,,,,,,,
,,,,,,,,,
Brevin Jordan,77887,TE,HST,15,69.9,61.9,58.2,,
Olamide Zaccheaus,44920,WR,PHI,18,51.1,,44.5,,
Tony Pollard,27126,HB,DAL,18,77.5,70.6,62.8,,
Odell Beckham Jr.,8647,WR,BLT,16,75.4,,44.8,,
Mitchell Wilcox,47234,TE,CIN,17,46.7,74,45.8,,
Jake Browning,46401,QB,CIN,9,79.3,60.9,60,,
Justin Jefferson,61398,WR,MIN,10,91.1,,56.8,,
Michael Thomas,10681,WR,NO,10,67.4,,60.4,,
Keith Smith,9302,FB,ATL,13,47.2,57.8,44.6,,
Travis Etienne Jr.,57185,HB,JAX,17,77,52.2,77,,
,,,,,,,,,
Tee Higgins,61211,WR,CIN,12,72.1,65.7,66.8,,
Joshua Palmer,62979,WR,LAC,10,67.6,,51.1,,
Deshaun Watson,11767,QB,CLV,6,67.3,,60.9,,
,,,,,,,,,
Jalin Hyatt,124282,WR,NYG,17,59.7,,67.6,,
Bailey Zappe,60396,QB,NE,10,52.2,,60.1,,
Treylon Burks,99218,WR,TEN,11,52.4,74.6,50.5,,
John Metchie III,97400,WR,HST,18,57.8,65.3,55.5,,
Trenton Irwin,48080,WR,CIN,16,57,59.1,31,,
Ben Sims,77918,TE,GB,18,60.5,68.7,58.2,,
Rashid Shaheed,63707,WR,NO,15,69,,52,,
Keith Kirkwood,48017,WR,NO,13,52.4,,46.9,,
Zay Jones,11792,WR,JAX,9,61.2,66.2,49.1,,
,,,,,,,,,
,,,,,,,,,
Quintin Morris,61182,TE,BUF,17,55.2,71.9,64,,
Kirk Cousins,7102,QB,MIN,8,86.1,,60,,
Tim Jones,61669,WR,JAX,17,52,81,49.5,,
Tommy DeVito,60545,QB,NYG,9,62,,60.7,,
Jauan Jennings,48027,WR,SF,16,74.1,73,77.2,,
Tank Dell,78874,WR,HST,11,83.4,,50.1,,
Robert Tonyan,12193,TE,CHI,17,49.6,59.7,38.9,,
Jake Bobo,77997,WR,SEA,17,73.5,59.8,77.6,,
,,,,,,,,,
Saquon Barkley,45791,HB,NYG,14,70.2,76.6,56.4,,
Jakob Johnson,32565,FB,LV,13,46.1,83.1,49.9,,
Noah Brown,11993,WR,HST,11,73,66.9,53.5,,
Malik Heath,124173,WR,GB,13,60.1,28.9,61.8,,
Stone Smartt,60492,TE,LAC,16,44.1,48.1,31.9,,
Greg Dortch,42237,WR,ARZ,13,68.2,,44.9,,
,,,,,,,,,
Demario Douglas,104155,WR,NE,14,74.4,,58.5,,
Ian Thomas,42130,TE,CAR,12,56.9,32.7,62.1,,
Curtis Samuel,11795,WR,WAS,16,69.7,75,49.5,,
Tyjae Spears,97195,HB,TEN,17,76.8,79.6,48.1,,
,,,,,,,,,
Scott Miller,47481,WR,ATL,17,64.4,,63.7,,
Josiah Deguara,47034,TE,GB,17,51.7,29.1,55.4,,
Khari Blasingame,44889,FB,CHI,16,55.8,57,68.2,,
Teagan Quitoriano,84036,TE,HST,7,60.1,59.4,56.5,,
Joe Flacco,4332,QB,CLV,6,72.8,,61.2,,
C.J. Uzomah,9590,TE,NYJ,12,66.4,48.9,74.5,,
Ben Skowronek,27948,WR,LA,18,55.9,73.7,55.2,,
Kenneth Gainwell,77737,HB,PHI,17,55.3,47.2,55.4,,
A.T. Perry,77975,WR,NO,10,61,,48.3,,
Michael Burton,9601,FB,DEN,17,64.2,84,61.9,,
Calvin Austin III,61418,WR,PIT,18,56.6,,71.5,,
,,,,,,,,,
Chuba Hubbard,57373,HB,CAR,17,77.2,61.6,45,,
Mason Rudolph,46569,QB,PIT,5,64.8,,60,,
,,,,,,,,,
Xavier Gipson,104136,WR,NYJ,15,56.2,38.3,50.1,,
Tyson Bagent,169628,QB,CHI,5,57.7,,60.3,,
Kendrick Bourne,12270,WR,NE,8,67.2,,46.5,,
Rachaad White,131633,HB,TB,19,67.5,53.5,59.6,,
Braxton Berrios,47961,WR,MIA,17,57.6,69.3,50.2,,
C.J. Ham,11347,FB,MIN,17,57.6,74.8,59.5,,
Davis Allen,99697,TE,LA,16,64.7,75.5,51.3,,
Christian McCaffrey,11763,HB,SF,19,90.3,28.4,30.2,,
Deven Thompkins,84480,WR,TB,19,59.3,,51.5,,
Tyrod Taylor,6332,QB,NYG,11,71.4,,60.5,,
Jordan Akins,47050,TE,CLV,18,53.6,43.5,44.2,,
,,,,,,,,,
Kyren Williams,97118,HB,LA,13,80.4,57.7,59.1,,
Kevin Rader,30887,TE,TEN,14,35.6,50.1,44.3,,
Gus Edwards,46027,HB,BLT,19,73.7,55.1,59.1,,
Josh Jacobs,45953,HB,LV,13,65,50.9,55.3,,
Justice Hill,45865,HB,BLT,18,70.3,58.8,64.7,,
Xavier Hutchinson,122518,WR,HST,16,47.3,,57.8,,
River Cracraft,47417,WR,MIA,11,66.7,,51.7,,
Roschon Johnson,99467,HB,CHI,15,65.8,64.8,62.7,,
Quez Watkins,61664,WR,PHI,10,59.2,,51.4,,
Marvin Mims Jr.,122937,WR,DEN,16,63.1,,55.5,,
Bijan Robinson,123126,HB,ATL,17,69.1,56.8,35.5,,
Brandon Johnson,40666,WR,DEN,13,64.1,,53.7,,
,,,,,,,,,
D'Andre Swift,57212,HB,PHI,17,66.5,48.9,53.8,,
Jimmy Garoppolo,8697,QB,LV,7,65,,60,,
Taylor Heinicke,9896,QB,ATL,5,52.5,,60.9,,
Jason Brownlee,121451,WR,NYJ,7,47.7,,43.5,,
Andrei Iosivas,109811,WR,CIN,16,61.2,,54.5,,
Ronnie Bell,84288,WR,SF,16,61.1,,58,,
Terrace Marshall Jr.,84271,WR,CAR,9,54.8,,40,,
Jalen Reagor,61697,WR,NE,11,51.4,,33.5,,
Isiah Pacheco,83747,HB,KC,18,79.9,67.4,59.3,,
Jaylen Warren,98692,HB,PIT,18,78.5,25.1,77.8,,
Johnny Mundt,12206,TE,MIN,17,70.8,56.1,63.8,,
James Mitchell,77885,TE,DET,14,41.2,74.4,46,,
Hunter Luepke,91319,FB,DAL,18,56.7,20.2,55.6,,
Trevor Siemian,9683,QB,NYJ,5,34.9,,60.6,,
Brandon Powell,48036,WR,MIN,15,61.7,76.7,42.1,,
Devin Singletary,40485,HB,HST,19,75.1,34.3,79,,
,,,,,,,,,
Alexander Mattison,45817,HB,MIN,16,61.8,49.5,43.6,,
Alex Erickson,11107,WR,LAC,8,62.6,67.9,45.3,,
Joe Mixon,11803,HB,CIN,17,71.1,29.7,59.9,,
James Conner,11860,HB,ARZ,13,89.2,68,68.9,,
P.J. Walker,12134,QB,CLV,6,29.7,,60.5,,
Zach Pascal,12303,WR,ARZ,14,47.6,,56.9,,
David Bell,97989,WR,CLV,16,63.6,78,51.1,,
Josh Whyle,54037,TE,TEN,11,62,79,38,,
Kalif Raymond,11028,WR,DET,17,75.4,28.2,59,,
,,,,,,,,,
Equanimeous St. Brown,47967,WR,CHI,7,55.1,72,43.9,,
Zach Ertz,7816,TE,ARZ,7,50.8,29.4,49.5,,
Peyton Hendershot,60915,TE,DAL,9,44.2,85.1,56.9,,
Ezekiel Elliott,10638,HB,NE,17,67.6,37.1,55.7,,
Joshua Kelley,13750,HB,LAC,17,52,42.4,58.3,,
Nick Vannett,10728,TE,LAC,8,42.9,73.8,44.4,,
Jamaal Williams,11889,HB,NO,13,59.4,38,72.9,,
Easton Stick,29466,QB,LAC,5,66.8,,60.2,,
Jimmy Graham,5619,TE,NO,13,62.5,27,50.1,,
Najee Harris,57121,HB,PIT,18,76.2,58.8,56.7,,
Taysom Hill,12112,TE,NO,16,75.3,60.1,57.3,,
,,,,,,,,,
Miles Boykin,48209,WR,PIT,17,50.9,68.5,53.8,,
Irv Smith Jr.,42060,TE,CIN,12,44.2,53.6,53.8,,
Hunter Renfrow,47509,WR,LV,17,48.6,,31.3,,
Elijah Higgins,98027,TE,ARZ,11,63.6,68.4,51.1,,
Nick Bawden,27413,FB,NYJ,16,50.8,55.3,50.8,,
Alvin Kamara,11822,HB,NO,13,74.1,19.2,55.7,,
,,,,,,,,,
Zack Moss,40341,HB,IND,14,66.9,60.4,57.4,,
,,,,,,,,,
Javonte Williams,77803,HB,DEN,16,63.3,27.8,57.6,,
Eric Saubert,11929,TE,HST,8,52.2,34.2,63.6,,
Tre Tucker,101106,WR,LV,16,65.2,,59.7,,
Kenny Yeboah,42196,TE,NYJ,5,57,54.8,60.8,,
Jerome Ford,83601,HB,CLV,18,68.3,64.8,67.1,,
Adam Prentice,35639,FB,NO,13,38.1,33.9,43.1,,
Brian Robinson,57120,HB,WAS,15,75.3,62,65.5,,
AJ Dillon,57165,HB,GB,15,75.7,56,56.6,,
,,,,,,,,,
Austin Ekeler,12164,HB,LAC,14,60.2,29.3,36.6,,
,,,,,,,,,
Latavius Murray,7962,HB,BUF,18,65.9,64.3,57.1,,
Reggie Gilliam,40951,FB,BUF,18,63.9,62.8,72.5,,
Daniel Jones,39395,QB,NYG,6,63,,60,,
Payne Durham,84037,TE,TB,15,59.5,70.7,54.8,,
Breece Hall,97636,HB,NYJ,17,82.4,53.9,57.4,,
Tyquan Thornton,78092,WR,NE,9,57.6,,65.9,,
Bo Melton,61610,WR,GB,7,83.4,,60.7,,
Chris Conley,9509,WR,SF,11,65.4,66.1,84.2,,
Marvin Jones Jr.,7158,WR,DET,6,43.8,72.7,43.3,,
James Cook,83666,HB,BUF,19,71.7,23.5,56,,
Ray-Ray McCloud III,47895,WR,SF,14,63.1,,75.4,,
Antonio Gibson,78050,HB,WAS,16,66.6,71.9,59.7,,
Zach Charbonnet,97630,HB,SEA,16,69.7,61.1,27.3,,
,,,,,,,,,
,,,,,,,,,
Chase Claypool,42312,WR,MIA,11,55.1,70.4,47.5,,
Derrick Henry,10679,HB,TEN,17,90.1,79.1,58,,
,,,,,,,,,
David Moore,11981,WR,TB,9,72.9,52.8,59.1,,
David Montgomery,45719,HB,DET,17,79.6,29.7,60,,
Dyami Brown,77986,WR,WAS,17,59,,63.1,,
,,,,,,,,,
,,,,,,,,,
Hayden Hurst,47294,TE,CAR,9,44.7,78.7,28.3,,
Dorian Thompson-Robinson,83574,QB,CLV,8,49.3,,60.8,,
Julio Jones,6158,WR,PHI,12,55,,56.1,,
Grant Calcaterra,60997,TE,PHI,14,64.2,65.9,60.2,,
Ty Chandler,62942,HB,MIN,14,76.3,49.3,59.5,,
Jahmyr Gibbs,122474,HB,DET,18,76.3,26.8,57,,
Samaje Perine,11869,HB,DEN,17,71.3,31.1,59.3,,
Byron Pringle,42345,WR,WAS,16,67.9,61.6,57.7,,
,,,,,,,,,
,,,,,,,,,
,,,,,,,,,
Khalil Herbert,41668,HB,CHI,12,77.9,53.3,45.8,,
Jalen Guyton,34164,WR,LAC,8,49.6,,30.6,,
Raheem Mostert,9783,HB,MIA,16,84.7,66,59.1,,
Rhamondre Stevenson,98689,HB,NE,12,71.3,72.7,29.3,,
Sean McKeon,42266,TE,DAL,9,54.8,79.2,61.8,,
Robbie Chosen,11254,WR,MIA,9,64.5,,47.4,,
Nick Mullens,12282,QB,MIN,5,57.7,,60.3,,
Matt Breida,12271,HB,NYG,17,52.4,63.3,56.5,,
Devin Duvernay,40006,WR,BLT,11,51.4,,68.7,,
,,,,,,,,,
Kenneth Walker III,97199,HB,SEA,15,83.5,40.7,58.7,,
Emari Demercado,77763,HB,ARZ,14,73.4,74.7,40.7,,
Tucker Fisk,52286,TE,ATL,6,52,54.7,50.9,,
,,,,,,,,,
Patrick Taylor,40448,HB,GB,13,60.4,59.6,75.7,,
Mecole Hardman Jr.,42683,WR,KC,14,55.2,,59.4,,
Mitch Trubisky,11757,QB,PIT,5,43.3,,60,,
,,,,,,,,,
Richie James,28991,WR,KC,13,56.3,,56.5,,
Kareem Hunt,11841,HB,CLV,16,69.8,58.4,65,,
,,,,,,,,,
,,,,,,,,,
Rakim Jarrett,129519,WR,TB,10,55.9,,57.7,,
D.J. Montgomery,55003,WR,IND,7,60.6,,70.7,,
D'Onta Foreman,11844,HB,CHI,9,74,29.5,57.2,,
Antoine Green,77985,WR,DET,12,53.5,,82.6,,
,,,,,,,,,
Parris Campbell,47940,WR,NYG,11,51.4,67.1,62.5,,
,,,,,,,,,
Derius Davis,78196,WR,LAC,16,60.5,,43,,
Kadarius Toney,61245,WR,KC,13,62.5,,62.9,,
Tyler Allgeier,83639,HB,ATL,17,82.9,90.3,43.4,,
Trent Taylor,11932,WR,CHI,14,51.8,62.4,53.8,,
Ihmir Smith-Marsette,61324,WR,CAR,13,63.6,,69.4,,
Ross Dwelley,20994,TE,SF,12,52.8,69.6,49.2,,
Jerick McKinnon,8731,HB,KC,13,63.1,58.1,43.8,,
,,,,,,,,,
Tre' McKitty,60896,TE,LAC,6,30.4,57.2,39.1,,
Justyn Ross,78021,WR,KC,11,48.7,,36.5,,
Isaiah McKenzie,11927,WR,IND,13,64.7,,59.4,,
Cole Turner,84330,TE,WAS,12,64.7,17.1,68.3,,
,,,,,,,,,
Sam Darnold,29048,QB,SF,10,66,,60,,
Mike Williams,11762,WR,LAC,3,74.6,,75,,
Parker Washington,129799,WR,JAX,9,51.1,,29.4,,
Elijah Cooks,61501,WR,JAX,9,53,,46.6,,
Drew Lock,39517,QB,SEA,4,61.3,,60,,
Randall Cobb,6216,WR,NYJ,11,47.6,,31.1,,
Samori Toure,25276,WR,GB,11,60.6,,64.6,,
Ameer Abdullah,9487,HB,LV,17,55.5,17.7,60,,
,,,,,,,,,
Anthony Richardson,124393,QB,IND,4,52.2,,60,,
DeAndre Carter,9859,WR,LV,16,50.2,65.7,38.7,,
Aaron Jones,11937,HB,GB,13,80.9,63.2,57.8,,
Jarrett Stidham,13725,QB,DEN,3,55.5,,60.3,,
,,,,,,,,,
Tank Bigsby,123974,HB,JAX,16,52.3,32.1,67.2,,
,,,,,,,,,
Miles Sanders,40555,HB,CAR,16,60.8,23.3,63.9,,
Lawrence Cager,34914,TE,NYG,9,58.2,72.2,65,,
Sterling Shepard,10674,WR,NYG,15,50.1,,34.4,,
,,,,,,,,,
Rico Dowdle,40693,HB,DAL,17,66.6,34.1,60.1,,
,,,,,,,,,
Parker Hesse,48369,TE,ATL,3,48.4,70.9,50.9,,
KaVontae Turpin,47658,WR,DAL,17,67.7,66.2,54.6,,
Case Keenum,7323,QB,HST,2,44.8,,60,,
Jamison Crowder,9538,WR,WAS,12,70.5,,51.4,,
Trayveon Williams,45775,HB,CIN,17,58.9,75.1,52.5,,
Brayden Willis,77917,TE,SF,10,54.2,69.6,58.8,,
,,,,,,,,,
Royce Freeman,45747,HB,LA,10,74.2,67.6,78.9,,
D'Ernest Johnson,45734,HB,JAX,17,57.5,43.7,52.5,,
Brycen Hopkins,47338,TE,LA,16,68,56.7,54.5,,
Jason Cabinda,50714,FB,DET,7,43.2,26.9,51.3,,
Jalen Brooks,111284,WR,DAL,7,65.1,,74.7,,
Craig Reynolds,94383,HB,DET,19,76.5,24,51.6,,
Marquise Goodwin,7859,WR,CLV,13,50.5,,58.9,,
Rodney Williams,63718,TE,PIT,13,45.8,66.3,62.6,,
Dalvin Cook,11796,HB,BLT,16,53.8,61,59.3,,
Jamal Agnew,11920,WR,JAX,11,59.9,,76.6,,
,,,,,,,,,
C.J. Beathard,11859,QB,JAX,7,71.5,,60,,
,,,,,,,,,
,,,,,,,,,
Mike White,46453,QB,MIA,6,52.5,,60,,
Dameon Pierce,83659,HB,HST,14,65.9,87.8,55.7,,
Stephen Sullivan,40411,TE,CAR,11,60.9,73.7,49.8,,
Tylan Wallace,61577,WR,BLT,9,57,,55.7,,
Deonte Harty,91470,WR,BUF,18,68.9,,71.8,,
Clyde Edwards-Helaire,57279,HB,KC,19,65.5,59.1,60,,
,,,,,,,,,
Tanner Hudson,66924,TE,CIN,12,73,52.2,74.5,,
Jalen Nailor,84292,WR,MIN,5,51.2,,59.3,,
Hunter Long,60859,TE,LA,3,58.1,65.2,67.3,,
Cordarrelle Patterson,7810,HB,ATL,14,62.7,78.3,58.1,,
,,,,,,,,,
,,,,,,,,,
,,,,,,,,,
Blaine Gabbert,6162,QB,KC,2,60.7,,60,,
Austin Trammell,52195,WR,LA,13,57.4,69.6,39,,
,,,,,,,,,
Michael Carter,57337,HB,ARZ,15,60.8,37.4,60,,
Elijah Mitchell,57272,HB,SF,14,70.2,43.5,70.7,,
Colton Dowell,63721,WR,TEN,9,54.4,,54,,
Dare Ogunbowale,12329,HB,HST,10,46.6,29,31.7,,
Nate Adkins,87625,TE,DEN,10,55,40.7,51.2,,
Kayshon Boutte,124087,WR,NE,5,47.1,,51.7,,
David Wells,34985,TE,TB,5,47.5,79.3,59,,
,,,,,,,,,
Keaton Mitchell,123826,HB,BLT,7,92.4,35.9,65.7,,
Zamir White,83665,HB,LV,15,71.7,46.4,59.8,,
Velus Jones Jr.,40573,WR,CHI,13,53.1,,52.3,,
Brett Rypien,46487,QB,NYJ,2,48.1,,60,,
Alex Armah,11948,FB,WAS,7,56.4,74.1,52.6,,
Andre Baccellia,47901,WR,ARZ,5,55.3,,69.9,,
Travis Vokolek,61004,TE,ARZ,2,50.2,57.9,56,,
Tony Jones Jr.,40498,HB,ARZ,7,60.1,50.9,60.2,,
Lucas Krull,83962,TE,DEN,7,60.5,19.5,67.3,,
Keelan Doss,48143,WR,LAC,5,51.4,,44.4,,
Brian Hoyer,5277,QB,LV,3,55.2,,60,,
Tyler Huntley,46448,QB,BLT,5,63.8,,60,,
Cooper Rush,12324,QB,DAL,7,58,,60,,
Laviska Shenault Jr.,61220,WR,CAR,8,67.4,,61.2,,
Pierre Strong Jr.,66619,HB,CLV,15,60.6,62.4,60.2,,
Tim Boyle,21956,QB,NYJ,3,64.1,,60,,
Tyler Kroft,9518,TE,MIA,6,56.6,54.8,65.1,,
,,,,,,,,,
Irvin Charles,28304,WR,NYJ,10,63.2,,88.1,,
Ty Johnson,45769,HB,BUF,10,78.7,58.9,77.8,,
DeeJay Dallas,55632,HB,SEA,11,63.8,49.9,55.6,,
Trishton Jackson,41247,WR,MIN,6,54.7,,60.8,,
Jonathan Taylor,57488,HB,IND,10,74.9,57.1,71.9,,
Laquon Treadwell,10657,WR,BLT,3,51.3,36.3,63.7,,
Will Mallory,77888,TE,IND,12,66.9,13.8,67.5,,
,,,,,,,,,
Cam Akers,57206,HB,MIN,7,69.7,71.2,71.2,,
James Proche II,48037,WR,CLV,3,50.1,,56.6,,
Collin Johnson,47808,WR,CHI,3,66.9,,70.8,,
Kyle Allen,26152,QB,BUF,7,64.8,,60,,
Keaontay Ingram,77761,HB,KC,7,64.7,60.8,66.4,,
Britain Covey,32933,WR,PHI,9,57.8,,41.1,,
Ronnie Rivers,57208,HB,LA,8,75,46,59.1,,
Jordan Mason,62946,HB,SF,12,84.7,23.8,62.2,,
Trey Sermon,57372,HB,IND,12,56.6,69.4,60,,
Darrell Henderson,41193,HB,LA,4,55.2,69,60,,
Chase Edmonds,45851,HB,TB,15,57.3,40.4,60,,
Mike Strachan,143358,WR,CAR,4,54.6,,45.6,,
Isaiah Spiller,99146,HB,LAC,9,58.8,29,60,,
Carson Wentz,10636,QB,LA,2,80.7,,60,,
,,,,,,,,,
Jeff Wilson Jr.,29413,HB,MIA,11,59.5,27.1,47,,
Darrynton Evans,40692,HB,MIA,6,63.8,73.9,60,,
Willie Snead IV,8999,WR,SF,4,60.9,,70.7,,
Clayton Tune,77652,QB,ARZ,7,34.2,,60,,
Tyler Johnson,48054,WR,LA,1,63,,34.9,,
Darrell Daniels,12122,FB,DET,3,69.9,46.4,73.7,,
Anthony Firkser,51837,TE,DET,4,57.8,72.7,64.8,,
Tanner Conner,22777,TE,MIA,3,69.8,,69.1,,
Jameis Winston,9434,QB,NO,7,56.3,,60,,
Mason Kinsey,115664,WR,TEN,6,56.9,,53.3,,
Damien Harris,35134,HB,BUF,6,76.5,85.3,60,,
Salvon Ahmed,57472,HB,MIA,8,61,36.4,57.4,,
Mike Boone,31615,HB,HST,9,41.5,14.5,41.8,,
,,,,,,,,,
Albert Okwuegbunam,41933,TE,PHI,4,47.6,,57,,
Jeff Driskel,10841,QB,CLV,1,66.4,,60,,
,,,,,,,,,
,,,,,,,,,
Boston Scott,39462,HB,PHI,11,60.8,35.1,44,,
,,,,,,,,,
Malcolm Rodriguez,60731,LB,DET,7,59.7,82,59.5,,
Jacoby Brissett,10725,QB,WAS,3,84.6,,60,,
Cody Thompson,48152,WR,SEA,6,56.2,,60.9,,
Deuce Vaughn,122624,HB,DAL,6,46.4,35.7,60,,
Chris Rodriguez Jr.,83689,HB,WAS,10,75.9,82.7,46,,
Jaren Hall,82094,QB,MIN,3,60.3,,60,,
Cole Fotheringham,84070,TE,LV,2,55.5,12.9,47.9,,
Kyle Philips,84463,WR,TEN,9,72.8,,59.5,,
N'Keal Harry,48297,WR,MIN,8,55.6,,57.4,,
Kendre Miller,123091,HB,NO,8,74.1,27.4,60.2,,
Marquez Callaway,42295,WR,NO,3,53.7,,55.9,,
,,,,,,,,,
Khalen Saunders,31534,DI,NO,4,59.2,,59,,
,,,,,,,,,
David Sills V,34579,WR,DEN,3,59.1,,61.8,,
Jaleel McLaughlin,138346,HB,DEN,17,86.2,34.6,60,,
De'Von Achane,124305,HB,MIA,12,92.1,65.7,77.2,,
Kristian Wilkerson,28729,WR,LV,2,49.5,,55.6,,
Zach Gentry,36049,TE,LV,1,57,,60.5,,
Brady Russell,60876,TE,SEA,6,57.3,,59.5,,
Simi Fehoko,84424,WR,LAC,4,60.4,66.2,40.8,,
Tyree Jackson,46481,TE,NYG,2,46.8,70.2,51.8,,
Matt Sokol,47123,TE,NE,3,41.7,69.6,47.3,,
,,,,,,,,,
Chase Brown,77787,HB,CIN,11,63.9,26.7,58.7,,
Phillip Dorsett,9462,WR,DEN,2,46.2,,58.7,,
Andy Dalton,6187,QB,CAR,3,81.1,,60,,
Sean Clifford,51708,QB,GB,3,56.8,,60,,
Marcus Mariota,9435,QB,PHI,4,66.3,,60,,
Charlie Jones,55038,WR,CIN,8,65.8,,37.6,,
Melvin Gordon III,9448,HB,BLT,4,65.3,36.9,49.8,,
DJ Turner,47663,WR,LV,4,69.6,,78.4,,
,,,,,,,,,
Greg Dulcich,84068,TE,DEN,2,66.9,83.7,49.4,,
Chris Brooks,83644,HB,MIA,4,82,,78.2,,
John FitzPatrick,83974,TE,ATL,5,63.7,,49.3,,
Juwann Winfree,38275,WR,IND,4,52.8,65.7,51.6,,
Erik Ezukanma,78148,WR,MIA,2,60.3,,54.1,,
Justin Simmons,10732,S,DEN,5,60,,60,,
,,,,,,,,,
A.J. McCarron,8799,QB,CIN,2,59,,60,,
Ke'Shawn Vaughn,45866,HB,TB,5,53.6,39.8,60,,
,,,,,,,,,
Jesse Luketa,81361,ED,ARZ,6,49.5,74,46.7,,
Davis Mills,52269,QB,HST,7,48.3,,60,,
D'Wayne Eskridge,29573,WR,SEA,3,60.4,,82,,
,,,,,,,,,
Derrick Gore,32342,HB,WAS,5,54.8,83.7,59.5,,
Minkah Fitzpatrick,51206,S,PIT,3,60,,60,,
,,,,,,,,,
Jacob Harris,34255,WR,JAX,2,45.9,,33.6,,
,,,,,,,,,
,,,,,,,,,
Rashaad Penny,27414,HB,PHI,3,44.5,18,60,,
Leonard Fournette,11759,HB,BUF,2,59.5,76.4,59,,
Deon Jackson,57189,HB,NYG,2,29.7,6,59.4,,
La'Mical Perine,26408,HB,KC,5,64.4,79.2,72.8,,
Nick Chubb,45783,HB,CLV,2,81.6,25.8,60,,
,,,,,,,,,
Jonathan Ward,25859,HB,TEN,4,64.2,,60,,
Malik Taylor,94375,WR,NYJ,3,51.4,,60.5,,
Giovanni Ricci,13756,TE,CAR,3,50.9,70.2,40.9,,
Henry Pearson,83930,FB,GB,2,47.7,69.7,40.6,,
Dareke Young,111900,WR,SEA,5,66.7,,80.5,,
Damiere Byrd,9964,WR,ATL,1,51.7,,60.8,,
,,,,,,,,,
Damien Williams,9205,HB,ARZ,3,72.7,80.2,59.4,,
Eric Gray,99143,HB,NYG,7,57.2,28.1,60,,
Ty Montgomery,9527,WR,NE,10,55.5,,47.8,,
,,,,,,,,,
J.K. Dobbins,57366,HB,BLT,1,53.5,48.2,59.6,,
Elijah Dotson,57394,HB,LAC,3,54.8,,60,,
Tre'Quan Smith,48228,WR,DEN,1,56,,60.9,,
Israel Abanikanda,122999,HB,NYJ,6,59,59,60,,
Dalton Keene,61068,TE,HST,1,56.8,66.2,58,,
,,,,,,,,,
Emanuel Wilson,154173,HB,GB,9,80,,60,,
Kevin Harris,99141,HB,NE,4,76.5,77.3,46.2,,
Jeffery Simmons,43742,DI,TEN,4,80.5,64.9,54.5,,
Jonathan Williams,10790,HB,WAS,1,59,82.1,60,,
Chris Blair,84096,WR,ATL,1,56.8,,59.4,,
,,,,,,,,,
Reed Blankenship,56065,S,PHI,2,60,63.8,60,,
Nick Bellore,6515,LB,SEA,3,60,,60,,
Logan Woodside,46517,QB,ATL,1,24.8,,60,,
Kenyan Drake,10707,HB,GB,3,37.3,15.8,60,,
Jashaun Corbin,83773,HB,NYG,1,76.7,73.3,60,,
Chris Evans,27303,HB,CIN,7,51.9,13.6,60,,
Josh Pederson,39861,TE,JAX,2,44.3,,38,,
Stephen Anderson,11160,TE,LAC,2,58.8,66.3,59.3,,
Amari Rodgers,61212,WR,IND,3,44,,60,,
Dylan Drummond,78187,WR,DET,1,59.1,,60,,
Steven Sims,48341,WR,HST,4,54.3,,59.6,,
Noah Togiai,47282,TE,PHI,1,69.5,,70.7,,
,,,,,,,,,
Malik Cunningham,60436,QB,BLT,2,53.1,,58.9,,
Tyler Goodson,101659,HB,IND,6,57.3,73.4,60,,
Malik Willis,60341,QB,TEN,3,45.9,,60,,
Matt Bushman,52008,TE,KC,1,54.6,70.6,57.1,,
Gary Brightwell,57133,HB,NYG,4,64.4,,58.3,,
Victor Dimukeje,56347,ED,ARZ,3,60,67.2,60,,
Travis Homer,45859,HB,CHI,3,37.9,,60,,
,,,,,,,,,
Julius Chestnut,109239,HB,TEN,2,59.3,70.6,60,,
Kwamie Lassiter II,23226,WR,CIN,1,58.4,,60,,
JaMycal Hasty,25582,HB,NE,2,58.9,,60,,
Dennis Gardeck,66928,ED,ARZ,3,60,68.6,60,,
James Winchester,8580,LS,KC,3,60,60.3,60,,
Will Harris,51336,CB,DET,3,60,63.8,60,,
Jamien Sherwood,83175,LB,NYJ,3,60,62.7,60,,
,,,,,,,,,
Matt Barkley,7880,QB,JAX,1,61.6,,60,,
Devine Ozigbo,45903,HB,DET,2,66.5,,60,,
Kene Nwangwu,40547,HB,MIN,3,56.1,78.9,,,
Anthony Pittman,94372,ED,DET,3,60,62.7,60,,
Jack Fox,34735,P,DET,3,59.7,63.8,60,,
Sam Ehlinger,60555,QB,IND,1,60,,60,,
Raheem Blackshear,57385,HB,CAR,11,63.7,44.4,60,,
Jack Campbell,101515,LB,DET,3,60,62.7,60,,
Zach Evans,123072,HB,LA,4,42.7,,60,,
Thomas Hennessy,12124,LS,NYJ,3,60,61.5,60,,
,,,,,,,,,
Aaron Brewer,7301,LS,ARZ,3,60,68.7,60,,
Anthony Walker Jr.,11916,LB,CLV,2,60,,60,,
Nephi Sewell,56107,LB,NO,1,60,,60,,
Shedrick Jackson,84136,WR,CIN,1,60.7,65.4,59.4,,
Cam Jones,81244,LB,KC,2,60,60.6,60,,
SaRodorick Thompson,77777,HB,SEA,1,60,,60,,
JJ Jansen,4712,LS,CAR,2,60,61.5,60,,
Chamarri Conner,76662,S,KC,2,60,60.9,60,,
Tommy Townsend,33007,P,KC,3,74.7,,60,,
Troy Dye,28251,LB,MIN,2,60,,60,,
Khalil Dorsey,27819,CB,DET,3,76,,60,,
Montrell Washington,64310,WR,KC,1,60,,60,,
Jack Cochrane,63345,LB,KC,2,60,60.6,60,,
NaJee Thompson,78869,CB,MIN,2,59.2,,60,,
Easop Winston Jr.,61812,WR,SEA,1,60,,60,,
Tay Martin,61811,WR,SF,1,58.5,,60,,
,,,,,,,,,
Justin Hardee,18348,CB,NYJ,2,59.9,,59.5,,
Sam Eguavoen,15301,LB,NYJ,2,60,,59.8,,
Chazz Surratt,40313,LB,NYJ,2,60,,60,,
,,,,,,,,,
Zack Kuntz,84084,TE,NYJ,1,60.1,,59.9,,
Pat Jones II,43974,ED,MIN,2,60,,60,,
Matthew Jackson,57797,S,TEN,2,60,,60.3,,
Jesper Horsted,91465,TE,LV,3,56.3,67.4,59.7,,
Gunner Olszewski,95015,WR,NYG,6,33.4,,59.9,,
Kamu Grugier-Hill,10842,LB,CAR,2,60,62.7,60,,
Deon Bush,10758,S,KC,2,60,60.9,60,,
Jake Funk,45835,HB,IND,1,63.5,36,,,
Jay Ward,98833,S,MIN,2,60,,60,,
Owen Pappoe,99006,LB,ARZ,2,60,,60,,
,,,,,,,,,
Adrian Amos,9575,S,HST,2,60,63.8,60,,
Leo Chenal,101463,LB,KC,2,60,60.6,60,,
Sean Tucker,123056,HB,TB,4,55.8,73,60,,
Andrew DePaola,7633,LS,MIN,2,60,,60,,
Jake McQuaide,6586,LS,DET,2,60,61.5,60,,
Ezekiel Turner,49167,LB,ARZ,3,65.6,65.4,60,,
Godwin Igwebuike,49166,HB,PIT,2,60,,60,,
Morgan Cox,6020,LS,TEN,2,60,,60,,
Andy Isabella,47448,WR,BUF,3,60.8,,83.5,,
Thomas Morstead,5088,P,NYJ,3,69.8,,59.5,,
Ryan Wright,77591,P,MIN,2,60,,60,,
Nolan Cooney,44995,P,ARZ,1,60,,60,,
Dorian Williams,97694,LB,BUF,1,60,,60,,
Aaron Rodgers,2241,QB,NYJ,1,39.4,,60,,
Camaron Cheeseman,44692,LS,WAS,1,60,,60,,
Jake Hansen,43645,LB,HST,1,60,,60,,
Nick Vigil,10721,LB,MIN,1,60,,60,,
Sam Franklin Jr.,43580,S,CAR,1,60,,60,,
Dan Chisena,34061,WR,BLT,1,60,,60,,
Josh Metellus,43395,S,MIN,1,60,,60,,
,,,,,,,,,
Christian Holmes,43393,CB,WAS,1,60,,60,,
Ben Mason,57070,FB,BLT,1,60,,60,,
Kingsley Jonathan,56856,ED,BUF,1,60,,60,,
Erik Harris,10346,S,SF,1,60,,60,,
Jeremy Chinn,43179,S,CAR,1,60,,60,,
Chad Muma,75818,LB,JAX,1,60,62.7,,,
Brandin Echols,98900,CB,NYJ,2,77.5,,60,,
Henry To'oTo'o,98982,LB,HST,1,60,,60,,
Blake Whiteheart,77881,TE,ARZ,1,58.6,,60,,
Nolan Smith,99014,ED,PHI,1,60,63.8,,,
Rick Lovato,10007,LS,PHI,1,60,61.5,,,
Matt Henningsen,56484,DI,DEN,1,60,,60,,
Patrick Johnson,56460,ED,PHI,1,60,62.7,,,
Chase Lucas,42833,CB,DET,1,60,,60,,
Dean Marlowe,9966,S,LAC,1,60,,60,,
Nathan Peterman,11926,QB,CHI,2,58.4,,60,,
Hunter Kampmoyer,42701,TE,LAC,1,60,,65.6,,
Krys Barnes,42548,LB,ARZ,1,60,,60,,
Tyrion Davis-Price,99169,HB,SF,1,60.3,,60,,
Rashad Weaver,42495,ED,TEN,1,60,,60,,
Amen Ogbongbemiga,42449,LB,LAC,1,60,,60,,
Neville Hewitt,9836,LB,HST,1,60,,60,,
Dee Winters,99376,LB,SF,1,60,,60,,
Joshua Pryor,153400,ED,WAS,1,60,,60,,
JoJo Domann,42446,LB,TEN,1,60,,60,,
Mike Brown,56054,S,TEN,1,60,,60,,
David Mayo,9602,LB,WAS,1,60,,60,,
Jon Weeks,5800,LS,HST,1,60,,60,,
Qadree Ollison,45934,HB,PIT,1,60,,60,,
Amare Barno,99780,ED,CAR,2,59,,60,,
Harrison Butker,11988,K,KC,1,60,,60,,
Ja'Sir Taylor,55426,CB,LAC,1,60,,60,,
Adam Butler,12214,DI,LV,1,60,,60,,
Tuli Tuipulotu,131840,ED,LAC,1,60,,60,,
,,,,,,,,,
Garret Wallow,60761,LB,TEN,1,60,,60,,
Caleb Johnson,12488,LB,JAX,1,60,63.8,,,
Nick Muse,61079,TE,MIN,1,89.2,,60,,
Kyle Trask,39987,QB,TB,2,86,,60,,
Otis Reese IV,83219,LB,TEN,1,60,,60,,
Daiyan Henley,61500,LB,LAC,1,60,,60,,
Ben VanSumeren,82523,LB,PHI,1,60,62.7,,,
Cameron Thomas,82387,ED,ARZ,1,60,67.2,,,
Claudin Cherelus,52094,LB,CAR,1,60,62.7,,,
Scott Daly,18793,LS,DET,1,60,,60,,
Mitchell Fraboni,38930,LS,DEN,1,60,,60,,
Ryan Stonehouse,52045,P,TEN,1,60,,60,,
Johnny Johnson III,61588,WR,HST,1,54.9,,60,,
JK Scott,38809,P,LAC,1,60,,60,,
James Robinson,22425,HB,GB,1,59.1,,60,,
Terrell Bynum,61804,WR,LAC,1,60,,60,,
Alex Cook,61805,S,CAR,1,60,,60,,
Teddy Bridgewater,8667,QB,DET,1,60.6,,60,,
Tae Davis,26296,LB,CAR,1,60,,60,,
,,,,,,,,,
Trent Sieg,27036,LS,DAL,1,60,63.8,,,
Nicholas Morrow,51674,LB,PHI,1,60,62.7,,,
Siran Neal,27130,CB,BUF,1,60,,60,,
Jacob Bobenmoyer,30352,LS,LV,1,60,,60,,
Sam Martin,7947,P,BUF,1,60,,60,,
Andre Chachere,51194,S,ARZ,1,60,,60,,
Marcelino McCrary-Ball,51112,LB,NYJ,1,60,62.7,,,
Theo Jackson,62919,S,MIN,1,60,,60,,
Shaquille Quarterman,51048,ED,JAX,1,60,62.7,,,
Tyrel Dodson,51045,LB,BUF,1,60,,60,,
D'Angelo Ross,27732,CB,HST,1,60,,60,,
Josh Harris,7748,LS,LAC,1,60,,60,,
Ekow Boye-Doe,76742,CB,KC,1,60,,60,,
Daniel Carlson,28121,K,LV,1,60,,60,,
,,,,,,,,,
Luke Gifford,50675,LB,TEN,1,60,,60,,
Jabril Cox,30669,LB,WAS,1,60,,60,,
Mitchell Tinsley,123470,WR,WAS,1,56.8,,60,,
Isaiah Oliver,50393,CB,SF,1,60,,60,,
Oren Burks,50203,LB,SF,1,60,,60,,
Samuel Womack III,65771,CB,SF,1,60,,60,,
Zaire Franklin,49834,LB,IND,2,60.1,68.5,,,
Ashtyn Davis,49560,S,NYJ,3,61.3,63.8,,,
Ka'dar Hollman,49446,CB,HST,1,60,,60,,
Cam Lewis,49395,S,BUF,1,60,,60,,
Deane Leonard,124140,CB,LAC,1,60,,60,,
Blake Lynch,47621,LB,LAC,1,60,,60,,
Ross Matiscik,34710,LS,JAX,1,60,61.5,,,
Andrew Wingard,49268,S,JAX,1,60,63.8,,,
Demetrius Flannigan-Fowles,49231,LB,SF,1,60,,60,,
Stanley Morgan,48110,WR,CIN,1,54.5,,60,,
Wil Lutz,11096,K,DEN,1,60,,60,,
Jack Gibbens,57662,LB,TEN,1,60,,60,,
Chandler Wooten,57726,LB,CAR,1,60,62.7,,,
Antonio Hamilton Sr.,11353,CB,ARZ,1,60,,60,,
Lucky Jackson,29557,WR,MIN,3,57.5,,60,,
J.P. Holtz,11062,TE,NO,1,60,,60,,
Reid Ferguson,10965,LS,BUF,1,60,,60,,
Tyler Matakevich,10880,LB,BUF,1,60,,60,,
Taybor Pepper,11748,LS,SF,1,60,,60,,
Dwayne Washington,10870,HB,DEN,1,60,,60,,
Evan Hull,97302,HB,IND,1,65.7,,60,,
Nic Jones,97327,CB,KC,1,60,,60,,
Kendall Sheffield,34105,CB,TEN,1,60,,60,,
K'Lavon Chaisson,57945,ED,JAX,1,60,62.7,,,
Zonovan Knight,97432,HB,DET,2,62.1,76.7,,,
DeAndre Houston-Carson,10819,S,HST,1,60,,60,,
Terrell Burgess,45255,S,WAS,1,60,,60,,
Anthony McFarland Jr.,57289,HB,PIT,2,64.9,68.5,,,
